Date,DXY,SP500,US10Y,VIX
2016-02-16,96.87000274658203,1895.5799560546875,1.777999997138977,24.110000610351562
2016-02-17,96.79000091552734,1926.8199462890625,1.819000005722046,22.309999465942383
2016-02-18,96.94999694824219,1917.8299560546875,1.7589999437332153,21.639999389648438
2016-02-19,96.5999984741211,1917.780029296875,1.7480000257492065,20.530000686645508
2016-02-22,97.37999725341797,1945.5,1.7660000324249268,19.3799991607666
2016-02-23,97.4800033569336,1921.27001953125,1.7450000047683716,20.979999542236328
2016-02-24,97.45999908447266,1929.800048828125,1.7419999837875366,20.719999313354492
2016-02-25,97.29000091552734,1951.699951171875,1.6970000267028809,19.110000610351562
2016-02-26,98.1500015258789,1948.050048828125,1.7619999647140503,19.809999465942383
2016-02-29,98.20999908447266,1932.22998046875,1.7400000095367432,20.549999237060547
2016-03-01,98.3499984741211,1978.3499755859375,1.8339999914169312,17.700000762939453
2016-03-02,98.20999908447266,1986.449951171875,1.8480000495910645,17.09000015258789
2016-03-03,97.56999969482422,1993.4000244140625,1.8300000429153442,16.700000762939453
2016-03-04,97.33999633789062,1999.989990234375,1.8830000162124634,16.860000610351562
2016-03-07,97.06999969482422,2001.760009765625,1.9019999504089355,17.350000381469727
2016-03-08,97.20999908447266,1979.260009765625,1.8320000171661377,18.670000076293945
2016-03-09,97.16999816894531,1989.260009765625,1.8919999599456787,18.34000015258789
2016-03-10,96.06999969482422,1989.5699462890625,1.9290000200271606,18.049999237060547
2016-03-11,96.16999816894531,2022.18994140625,1.9769999980926514,16.5
2016-03-14,96.62000274658203,2019.6400146484375,1.9630000591278076,16.920000076293945
2016-03-15,96.62999725341797,2015.9300537109375,1.9589999914169312,16.84000015258789
2016-03-16,95.88999938964844,2027.219970703125,1.937999963760376,14.989999771118164
2016-03-17,94.76000213623047,2040.5899658203125,1.902999997138977,14.4399995803833
2016-03-18,94.98999786376953,2049.580078125,1.871000051498413,14.020000457763672
2016-03-21,95.29000091552734,2051.60009765625,1.9229999780654907,13.789999961853027
2016-03-22,95.6500015258789,2049.800048828125,1.934999942779541,14.170000076293945
2016-03-23,96.05000305175781,2036.7099609375,1.875,14.9399995803833
2016-03-24,96.13999938964844,2035.93994140625,1.899999976158142,14.739999771118164
2016-03-28,95.94000244140625,2037.050048828125,1.8700000047683716,15.239999771118164
2016-03-29,95.16000366210938,2055.010009765625,1.8140000104904175,13.819999694824219
2016-03-30,94.83999633789062,2063.949951171875,1.8300000429153442,13.5600004196167
2016-03-31,94.58999633789062,2059.739990234375,1.7860000133514404,13.949999809265137
2016-04-01,94.62000274658203,2072.780029296875,1.7920000553131104,13.100000381469727
2016-04-04,94.51000213623047,2066.1298828125,1.7790000438690186,14.119999885559082
2016-04-05,94.62999725341797,2045.1700439453125,1.7269999980926514,15.420000076293945
2016-04-06,94.43000030517578,2066.659912109375,1.7549999952316284,14.09000015258789
2016-04-07,94.4800033569336,2041.9100341796875,1.690999984741211,16.15999984741211
2016-04-08,94.23999786376953,2047.5999755859375,1.7200000286102295,15.359999656677246
2016-04-11,93.94999694824219,2041.989990234375,1.7239999771118164,16.260000228881836
2016-04-12,93.95999908447266,2061.719970703125,1.781000018119812,14.850000381469727
2016-04-13,94.73999786376953,2082.419921875,1.7619999647140503,13.84000015258789
2016-04-14,94.9000015258789,2082.780029296875,1.781000018119812,13.720000267028809
2016-04-15,94.69999694824219,2080.72998046875,1.7519999742507935,13.619999885559082
2016-04-18,94.48999786376953,2094.340087890625,1.7730000019073486,13.350000381469727
2016-04-19,93.9800033569336,2100.800048828125,1.7829999923706055,13.239999771118164
2016-04-20,94.48999786376953,2102.39990234375,1.8539999723434448,13.279999732971191
2016-04-21,94.5999984741211,2091.47998046875,1.8700000047683716,13.949999809265137
2016-04-22,95.12000274658203,2091.580078125,1.8880000114440918,13.220000267028809
2016-04-25,94.83999633789062,2087.7900390625,1.9019999504089355,14.079999923706055
2016-04-26,94.56999969482422,2091.699951171875,1.930999994277954,13.960000038146973
2016-04-27,94.38999938964844,2095.14990234375,1.8600000143051147,13.770000457763672
2016-04-28,93.76000213623047,2075.81005859375,1.8380000591278076,15.220000267028809
2016-04-29,93.08000183105469,2065.300048828125,1.819000005722046,15.699999809265137
2016-05-02,92.62999725341797,2081.429931640625,1.8650000095367432,14.680000305175781
2016-05-03,92.94000244140625,2063.3701171875,1.7999999523162842,15.600000381469727
2016-05-04,93.18000030517578,2051.1201171875,1.784000039100647,16.049999237060547
2016-05-05,93.77999877929688,2050.6298828125,1.746999979019165,15.90999984741211
2016-05-06,93.88999938964844,2057.139892578125,1.7790000438690186,14.720000267028809
2016-05-09,94.1500015258789,2058.68994140625,1.7599999904632568,14.569999694824219
2016-05-10,94.29000091552734,2084.389892578125,1.7599999904632568,13.630000114440918
2016-05-11,93.81999969482422,2064.4599609375,1.7369999885559082,14.6899995803833
2016-05-12,94.13999938964844,2064.110107421875,1.7569999694824219,14.40999984741211
2016-05-13,94.61000061035156,2046.6099853515625,1.7050000429153442,15.039999961853027
2016-05-16,94.56999969482422,2066.659912109375,1.753000020980835,14.680000305175781
2016-05-17,94.55000305175781,2047.2099609375,1.7589999437332153,15.569999694824219
2016-05-18,95.08000183105469,2047.6300048828125,1.8799999952316284,15.949999809265137
2016-05-19,95.29000091552734,2040.0400390625,1.8450000286102295,16.329999923706055
2016-05-20,95.30999755859375,2052.320068359375,1.8489999771118164,15.199999809265137
2016-05-23,95.2300033569336,2048.0400390625,1.8380000591278076,15.819999694824219
2016-05-24,95.56999969482422,2076.06005859375,1.8589999675750732,14.420000076293945
2016-05-25,95.3499984741211,2090.5400390625,1.8700000047683716,13.899999618530273
2016-05-26,95.16999816894531,2090.10009765625,1.8229999542236328,13.430000305175781
2016-05-27,95.5199966430664,2099.06005859375,1.8509999513626099,13.119999885559082
2016-05-31,95.88999938964844,2096.949951171875,1.8339999914169312,14.1899995803833
2016-06-01,95.45999908447266,2099.330078125,1.8459999561309814,14.199999809265137
2016-06-02,95.55999755859375,2105.260009765625,1.8109999895095825,13.630000114440918
2016-06-03,94.02999877929688,2099.1298828125,1.7039999961853027,13.470000267028809
2016-06-06,93.9000015258789,2109.409912109375,1.7230000495910645,13.649999618530273
2016-06-07,93.83000183105469,2112.1298828125,1.7130000591278076,14.050000190734863
2016-06-08,93.58999633789062,2119.1201171875,1.7059999704360962,14.079999923706055
2016-06-09,94.0999984741211,2115.47998046875,1.6799999475479126,14.640000343322754
2016-06-10,94.5999984741211,2096.070068359375,1.6390000581741333,17.030000686645508
2016-06-13,94.37000274658203,2079.06005859375,1.6160000562667847,20.969999313354492
2016-06-14,94.93000030517578,2075.320068359375,1.6109999418258667,20.5
2016-06-15,94.61000061035156,2071.5,1.5959999561309814,20.139999389648438
2016-06-16,94.56999969482422,2077.989990234375,1.5640000104904175,19.3700008392334
2016-06-17,94.20999908447266,2071.219970703125,1.6180000305175781,19.40999984741211
2016-06-20,93.61000061035156,2083.25,1.6699999570846558,18.3700008392334
2016-06-21,94.0199966430664,2088.89990234375,1.6970000267028809,18.479999542236328
2016-06-22,93.72000122070312,2085.449951171875,1.684999942779541,21.170000076293945
2016-06-23,93.52999877929688,2113.320068359375,1.7389999628067017,17.25
2016-06-24,95.44999694824219,2037.4100341796875,1.5789999961853027,25.760000228881836
2016-06-27,96.54000091552734,2000.5400390625,1.4600000381469727,23.850000381469727
2016-06-28,96.25,2036.0899658203125,1.4609999656677246,18.75
2016-06-29,95.7699966430664,2070.77001953125,1.4769999980926514,16.639999389648438
2016-06-30,96.13999938964844,2098.860107421875,1.4880000352859497,15.630000114440918
2016-07-01,95.6500015258789,2102.949951171875,1.4559999704360962,14.770000457763672
2016-07-05,96.16999816894531,2088.550048828125,1.3669999837875366,15.579999923706055
2016-07-06,96.05999755859375,2099.72998046875,1.3849999904632568,14.960000038146973
2016-07-07,96.33000183105469,2097.89990234375,1.3869999647140503,14.760000228881836
2016-07-08,96.30000305175781,2129.89990234375,1.3660000562667847,13.199999809265137
2016-07-11,96.56999969482422,2137.159912109375,1.434000015258789,13.539999961853027
2016-07-12,96.44000244140625,2152.139892578125,1.5130000114440918,13.550000190734863
2016-07-13,96.22000122070312,2152.429931640625,1.468000054359436,13.039999961853027
2016-07-14,96.08000183105469,2163.75,1.531000018119812,12.819999694824219
2016-07-15,96.58000183105469,2161.739990234375,1.593999981880188,12.670000076293945
2016-07-18,96.55999755859375,2166.889892578125,1.5870000123977661,12.4399995803833
2016-07-19,97.05000305175781,2163.780029296875,1.5579999685287476,11.970000267028809
2016-07-20,97.19999694824219,2173.02001953125,1.5800000429153442,11.770000457763672
2016-07-21,97.0,2165.169921875,1.565000057220459,12.739999771118164
2016-07-22,97.47000122070312,2175.030029296875,1.5700000524520874,12.020000457763672
2016-07-25,97.29000091552734,2168.47998046875,1.5709999799728394,12.869999885559082
2016-07-26,97.16000366210938,2169.179931640625,1.562999963760376,13.050000190734863
2016-07-27,97.05000305175781,2166.580078125,1.5149999856948853,12.829999923706055
2016-07-28,96.73999786376953,2170.06005859375,1.5110000371932983,12.720000267028809
2016-07-29,95.52999877929688,2173.60009765625,1.4579999446868896,11.869999885559082
2016-08-01,95.70999908447266,2170.840087890625,1.496000051498413,12.4399995803833
2016-08-02,95.05999755859375,2157.030029296875,1.5369999408721924,13.369999885559082
2016-08-03,95.55999755859375,2163.7900390625,1.5420000553131104,12.859999656677246
2016-08-04,95.76000213623047,2164.25,1.503000020980835,12.420000076293945
2016-08-05,96.19000244140625,2182.8701171875,1.5820000171661377,11.390000343322754
2016-08-08,96.4000015258789,2180.889892578125,1.5829999446868896,11.5
2016-08-09,96.18000030517578,2181.739990234375,1.5449999570846558,11.65999984741211
2016-08-10,95.6500015258789,2175.489990234375,1.5089999437332153,12.050000190734863
2016-08-11,95.86000061035156,2185.7900390625,1.5729999542236328,11.680000305175781
2016-08-12,95.72000122070312,2184.050048828125,1.5149999856948853,11.550000190734863
2016-08-15,95.62999725341797,2190.14990234375,1.5529999732971191,11.8100004196167
2016-08-16,94.79000091552734,2178.14990234375,1.5759999752044678,12.640000343322754
2016-08-17,94.72000122070312,2182.219970703125,1.5609999895095825,12.1899995803833
2016-08-18,94.16000366210938,2187.02001953125,1.5360000133514404,11.430000305175781
2016-08-19,94.51000213623047,2183.8701171875,1.5779999494552612,11.34000015258789
2016-08-22,94.5199966430664,2182.639892578125,1.5390000343322754,12.270000457763672
2016-08-23,94.54000091552734,2186.89990234375,1.5529999732971191,12.380000114440918
2016-08-24,94.79000091552734,2175.43994140625,1.559000015258789,13.449999809265137
2016-08-25,94.7699966430664,2172.469970703125,1.5770000219345093,13.630000114440918
2016-08-26,95.56999969482422,2169.0400390625,1.6349999904632568,13.649999618530273
2016-08-29,95.58000183105469,2180.3798828125,1.565999984741211,12.9399995803833
2016-08-30,96.05000305175781,2176.1201171875,1.5700000524520874,13.119999885559082
2016-08-31,96.0199966430664,2170.949951171875,1.5679999589920044,13.420000076293945
2016-09-01,95.6500015258789,2170.860107421875,1.5700000524520874,13.479999542236328
2016-09-02,95.87999725341797,2179.97998046875,1.5959999561309814,11.979999542236328
2016-09-06,94.81999969482422,2186.47998046875,1.5429999828338623,12.020000457763672
2016-09-07,94.95999908447266,2186.159912109375,1.5410000085830688,11.9399995803833
2016-09-08,95.02999877929688,2181.300048828125,1.6160000562667847,12.510000228881836
2016-09-09,95.33999633789062,2127.81005859375,1.6720000505447388,17.5
2016-09-12,95.0999984741211,2159.0400390625,1.6720000505447388,15.15999984741211
2016-09-13,95.62999725341797,2127.02001953125,1.7339999675750732,17.850000381469727
2016-09-14,95.33000183105469,2125.77001953125,1.6890000104904175,18.139999389648438
2016-09-15,95.29000091552734,2147.260009765625,1.7029999494552612,16.299999237060547
2016-09-16,96.11000061035156,2139.159912109375,1.7009999752044678,15.369999885559082
2016-09-19,95.83999633789062,2139.1201171875,1.6959999799728394,15.529999732971191
2016-09-20,96.0199966430664,2139.760009765625,1.687999963760376,15.920000076293945
2016-09-21,95.66000366210938,2163.1201171875,1.6679999828338623,13.300000190734863
2016-09-22,95.44999694824219,2177.179931640625,1.6319999694824219,12.020000457763672
2016-09-23,95.4800033569336,2164.68994140625,1.6150000095367432,12.289999961853027
2016-09-26,95.30999755859375,2146.10009765625,1.5889999866485596,14.5
2016-09-27,95.44000244140625,2159.929931640625,1.555999994277954,13.100000381469727
2016-09-28,95.43000030517578,2171.3701171875,1.5670000314712524,12.390000343322754
2016-09-29,95.54000091552734,2151.1298828125,1.5570000410079956,14.020000457763672
2016-09-30,95.45999908447266,2168.27001953125,1.6080000400543213,13.289999961853027
2016-10-03,95.75,2161.199951171875,1.621999979019165,13.569999694824219
2016-10-04,96.12000274658203,2150.489990234375,1.6829999685287476,13.630000114440918
2016-10-05,96.12999725341797,2159.72998046875,1.715999960899353,12.989999771118164
2016-10-06,96.66000366210938,2160.77001953125,1.7419999837875366,12.84000015258789
2016-10-07,96.5199966430664,2153.739990234375,1.7359999418258667,13.479999542236328
2016-10-10,96.5199966430664,2163.659912109375,1.7230000495910645,13.380000114440918
2016-10-11,97.69999694824219,2136.72998046875,1.7589999437332153,15.359999656677246
2016-10-12,97.97000122070312,2139.179931640625,1.777999997138977,15.90999984741211
2016-10-13,97.5199966430664,2132.550048828125,1.7380000352859497,16.690000534057617
2016-10-14,98.0199966430664,2132.97998046875,1.7940000295639038,16.1200008392334
2016-10-17,97.88999938964844,2126.5,1.7660000324249268,16.209999084472656
2016-10-18,97.9000015258789,2139.60009765625,1.7489999532699585,15.279999732971191
2016-10-19,97.87000274658203,2144.2900390625,1.7519999742507935,14.40999984741211
2016-10-20,98.31999969482422,2141.340087890625,1.746999979019165,13.75
2016-10-21,98.69999694824219,2141.159912109375,1.7400000095367432,13.34000015258789
2016-10-24,98.66999816894531,2151.330078125,1.7630000114440918,13.020000457763672
2016-10-25,98.72000122070312,2143.159912109375,1.7580000162124634,13.460000038146973
2016-10-26,98.62999725341797,2139.429931640625,1.7899999618530273,14.239999771118164
2016-10-27,98.88999938964844,2133.0400390625,1.843000054359436,15.359999656677246
2016-10-28,98.3499984741211,2126.409912109375,1.8450000286102295,16.190000534057617
2016-10-31,98.44999694824219,2126.14990234375,1.8339999914169312,17.059999465942383
2016-11-01,97.69999694824219,2111.719970703125,1.8200000524520874,18.559999465942383
2016-11-02,97.4000015258789,2097.93994140625,1.7990000247955322,19.31999969482422
2016-11-03,97.16000366210938,2088.659912109375,1.812000036239624,22.079999923706055
2016-11-04,97.06999969482422,2085.179931640625,1.7829999923706055,22.510000228881836
2016-11-07,97.77999877929688,2131.52001953125,1.8279999494552612,18.709999084472656
2016-11-08,97.86000061035156,2139.56005859375,1.8619999885559082,18.739999771118164
2016-11-09,98.5,2163.260009765625,2.072000026702881,14.380000114440918
2016-11-10,98.79000091552734,2167.47998046875,2.117000102996826,14.739999771118164
2016-11-11,98.79000091552734,2164.449951171875,2.117000102996826,14.170000076293945
2016-11-14,100.11000061035156,2164.199951171875,2.2219998836517334,14.479999542236328
2016-11-15,100.19000244140625,2180.389892578125,2.23799991607666,13.369999885559082
2016-11-16,100.41000366210938,2176.93994140625,2.2230000495910645,13.720000267028809
2016-11-17,100.88999938964844,2187.1201171875,2.2760000228881836,13.350000381469727
2016-11-18,101.20999908447266,2181.89990234375,2.3350000381469727,12.850000381469727
2016-11-21,101.05000305175781,2198.179931640625,2.3389999866485596,12.420000076293945
2016-11-22,101.04000091552734,2202.93994140625,2.321000099182129,12.40999984741211
2016-11-23,101.69999694824219,2204.719970703125,2.3570001125335693,12.430000305175781
2016-11-25,101.48999786376953,2213.35009765625,2.371999979019165,12.34000015258789
2016-11-28,101.33000183105469,2201.719970703125,2.319999933242798,13.149999618530273
2016-11-29,100.93000030517578,2204.659912109375,2.302000045776367,12.899999618530273
2016-11-30,101.5,2198.81005859375,2.368000030517578,13.329999923706055
2016-12-01,101.04000091552734,2191.080078125,2.440999984741211,14.069999694824219
2016-12-02,100.7699966430664,2191.949951171875,2.390000104904175,14.119999885559082
2016-12-05,100.13999938964844,2204.7099609375,2.38700008392334,12.140000343322754
2016-12-06,100.48999786376953,2212.22998046875,2.3959999084472656,11.789999961853027
2016-12-07,100.2300033569336,2241.35009765625,2.3469998836517334,12.220000267028809
2016-12-08,101.06999969482422,2246.18994140625,2.38700008392334,12.640000343322754
2016-12-09,101.56999969482422,2259.530029296875,2.4639999866485596,11.75
2016-12-12,100.95999908447266,2256.9599609375,2.4790000915527344,12.640000343322754
2016-12-13,101.02999877929688,2271.719970703125,2.4809999465942383,12.720000267028809
2016-12-14,102.0,2253.280029296875,2.5250000953674316,13.1899995803833
2016-12-15,103.12999725341797,2262.030029296875,2.5799999237060547,12.789999961853027
2016-12-16,102.94999694824219,2258.070068359375,2.5969998836517334,12.199999809265137
2016-12-19,103.13999938964844,2262.530029296875,2.5420000553131104,11.710000038146973
2016-12-20,103.29000091552734,2270.760009765625,2.568000078201294,11.449999809265137
2016-12-21,103.0199966430664,2265.179931640625,2.5460000038146973,11.270000457763672
2016-12-22,103.08999633789062,2260.9599609375,2.552999973297119,11.430000305175781
2016-12-23,103.01000213623047,2263.7900390625,2.5429999828338623,11.4399995803833
2016-12-27,103.0199966430664,2268.8798828125,2.562999963760376,11.989999771118164
2016-12-28,103.26000213623047,2249.919921875,2.50600004196167,12.949999809265137
2016-12-29,102.68000030517578,2249.260009765625,2.4769999980926514,13.369999885559082
2016-12-30,102.38999938964844,2238.830078125,2.446000099182129,14.039999961853027
2017-01-03,103.20999908447266,2257.830078125,2.450000047683716,12.850000381469727
2017-01-04,102.69999694824219,2270.75,2.4519999027252197,11.850000381469727
2017-01-05,101.5199966430664,2269.0,2.368000030517578,11.670000076293945
2017-01-06,102.22000122070312,2276.97998046875,2.4179999828338623,11.319999694824219
2017-01-09,101.93000030517578,2268.89990234375,2.375999927520752,11.5600004196167
2017-01-10,102.01000213623047,2268.89990234375,2.378999948501587,11.489999771118164
2017-01-11,101.77999877929688,2275.320068359375,2.369999885559082,11.260000228881836
2017-01-12,101.3499984741211,2270.43994140625,2.3610000610351562,11.539999961853027
2017-01-13,101.18000030517578,2274.639892578125,2.380000114440918,11.229999542236328
2017-01-17,100.33000183105469,2267.889892578125,2.3269999027252197,11.869999885559082
2017-01-18,100.93000030517578,2271.889892578125,2.3889999389648438,12.479999542236328
2017-01-19,101.1500015258789,2263.68994140625,2.4590001106262207,12.779999732971191
2017-01-20,100.73999786376953,2271.31005859375,2.4670000076293945,11.539999961853027
2017-01-23,100.16000366210938,2265.199951171875,2.4030001163482666,11.770000457763672
2017-01-24,100.3499984741211,2280.070068359375,2.4709999561309814,11.069999694824219
2017-01-25,100.02999877929688,2298.3701171875,2.5230000019073486,10.8100004196167
2017-01-26,100.37999725341797,2296.679931640625,2.507999897003174,10.630000114440918
2017-01-27,100.52999877929688,2294.68994140625,2.4809999465942383,10.579999923706055
2017-01-30,100.43000030517578,2280.89990234375,2.4830000400543213,11.880000114440918
2017-01-31,99.51000213623047,2278.8701171875,2.4509999752044678,11.989999771118164
2017-02-01,99.63999938964844,2279.550048828125,2.4739999771118164,11.8100004196167
2017-02-02,99.8499984741211,2280.85009765625,2.4700000286102295,11.930000305175781
2017-02-03,99.87000274658203,2297.419921875,2.490999937057495,10.970000267028809
2017-02-06,99.91000366210938,2292.56005859375,2.4130001068115234,11.369999885559082
2017-02-07,100.26000213623047,2293.080078125,2.3889999389648438,11.289999961853027
2017-02-08,100.27999877929688,2294.669921875,2.3510000705718994,11.449999809265137
2017-02-09,100.6500015258789,2307.8701171875,2.3949999809265137,10.880000114440918
2017-02-10,100.80000305175781,2316.10009765625,2.4089999198913574,10.850000381469727
2017-02-13,100.95999908447266,2328.25,2.434000015258789,11.069999694824219
2017-02-14,101.25,2337.580078125,2.4700000286102295,10.739999771118164
2017-02-15,101.18000030517578,2349.25,2.502000093460083,11.970000267028809
2017-02-16,100.44000244140625,2347.219970703125,2.450000047683716,11.760000228881836
2017-02-17,100.94999694824219,2351.159912109375,2.424999952316284,11.489999771118164
2017-02-21,101.37000274658203,2365.3798828125,2.427000045776367,11.569999694824219
2017-02-22,101.33000183105469,2362.820068359375,2.4179999828338623,11.739999771118164
2017-02-23,101.05000305175781,2363.81005859375,2.388000011444092,11.710000038146973
2017-02-24,101.08999633789062,2367.340087890625,2.316999912261963,11.470000267028809
2017-02-27,101.12999725341797,2369.75,2.36899995803833,12.09000015258789
2017-02-28,101.12000274658203,2363.639892578125,2.3580000400543213,12.920000076293945
2017-03-01,101.77999877929688,2395.9599609375,2.4630000591278076,12.539999961853027
2017-03-02,102.19999694824219,2381.919921875,2.489000082015991,11.8100004196167
2017-03-03,101.54000091552734,2383.1201171875,2.492000102996826,10.960000038146973
2017-03-06,101.63999938964844,2375.31005859375,2.49399995803833,11.239999771118164
2017-03-07,101.80999755859375,2368.389892578125,2.510999917984009,11.449999809265137
2017-03-08,102.06999969482422,2362.97998046875,2.552000045776367,11.859999656677246
2017-03-09,101.8499984741211,2364.8701171875,2.5980000495910645,12.300000190734863
2017-03-10,101.25,2372.60009765625,2.5820000171661377,11.65999984741211
2017-03-13,101.37999725341797,2373.469970703125,2.6080000400543213,11.350000381469727
2017-03-14,101.69999694824219,2365.449951171875,2.5950000286102295,12.300000190734863
2017-03-15,100.73999786376953,2385.260009765625,2.507999897003174,11.630000114440918
2017-03-16,100.2699966430664,2381.3798828125,2.5220000743865967,11.210000038146973
2017-03-17,100.30000305175781,2378.25,2.500999927520752,11.279999732971191
2017-03-20,100.41000366210938,2373.469970703125,2.4730000495910645,11.34000015258789
2017-03-21,99.80999755859375,2344.02001953125,2.436000108718872,12.470000267028809
2017-03-22,99.68000030517578,2348.449951171875,2.3959999084472656,12.8100004196167
2017-03-23,99.76000213623047,2345.9599609375,2.4179999828338623,13.119999885559082
2017-03-24,99.62999725341797,2343.97998046875,2.4000000953674316,12.960000038146973
2017-03-27,99.16999816894531,2341.590087890625,2.372999906539917,12.5
2017-03-28,99.70999908447266,2358.570068359375,2.4089999198913574,11.529999732971191
2017-03-29,100.0,2361.1298828125,2.385999917984009,11.420000076293945
2017-03-30,100.41000366210938,2368.06005859375,2.4159998893737793,11.539999961853027
2017-03-31,100.3499984741211,2362.719970703125,2.3959999084472656,12.369999885559082
2017-04-03,100.54000091552734,2358.840087890625,2.3499999046325684,12.380000114440918
2017-04-04,100.54000091552734,2360.159912109375,2.3499999046325684,11.789999961853027
2017-04-05,100.55999755859375,2352.949951171875,2.3570001125335693,12.890000343322754
2017-04-06,100.66999816894531,2357.489990234375,2.3429999351501465,12.390000343322754
2017-04-07,101.18000030517578,2355.5400390625,2.372999906539917,12.869999885559082
2017-04-10,101.0199966430664,2357.159912109375,2.3610000610351562,14.050000190734863
2017-04-11,100.70999908447266,2353.780029296875,2.2980000972747803,15.069999694824219
2017-04-12,100.77999877929688,2344.929931640625,2.2960000038146973,15.770000457763672
2017-04-13,100.55999755859375,2328.949951171875,2.2320001125335693,15.960000038146973
2017-04-17,100.30000305175781,2349.010009765625,2.252000093460083,14.65999984741211
2017-04-18,99.5,2342.18994140625,2.178999900817871,14.420000076293945
2017-04-19,99.73999786376953,2338.169921875,2.2019999027252197,14.930000305175781
2017-04-20,99.77999877929688,2355.840087890625,2.240999937057495,14.149999618530273
2017-04-21,99.9800033569336,2348.68994140625,2.236999988555908,14.630000114440918
2017-04-24,99.08999633789062,2374.14990234375,2.2730000019073486,10.84000015258789
2017-04-25,98.81999969482422,2388.610107421875,2.3269999027252197,10.760000228881836
2017-04-26,98.95999908447266,2387.449951171875,2.311000108718872,10.850000381469727
2017-04-27,99.08000183105469,2388.77001953125,2.2960000038146973,10.359999656677246
2017-04-28,99.05000305175781,2384.199951171875,2.2820000648498535,10.819999694824219
2017-05-01,99.13999938964844,2388.330078125,2.325000047683716,10.109999656677246
2017-05-02,98.9800033569336,2391.169921875,2.2960000038146973,10.59000015258789
2017-05-03,99.20999908447266,2388.1298828125,2.309000015258789,10.680000305175781
2017-05-04,98.76000213623047,2389.52001953125,2.3559999465942383,10.460000038146973
2017-05-05,98.6500015258789,2399.2900390625,2.3519999980926514,10.569999694824219
2017-05-08,99.1500015258789,2399.3798828125,2.375999927520752,9.770000457763672
2017-05-09,99.58999633789062,2396.919921875,2.4070000648498535,9.960000038146973
2017-05-10,99.66999816894531,2399.6298828125,2.4140000343322754,10.210000038146973
2017-05-11,99.62000274658203,2394.43994140625,2.4000000953674316,10.600000381469727
2017-05-12,99.25,2390.89990234375,2.3350000381469727,10.399999618530273
2017-05-15,98.91000366210938,2402.320068359375,2.3380000591278076,10.420000076293945
2017-05-16,98.11000061035156,2400.669921875,2.3289999961853027,10.649999618530273
2017-05-17,97.41999816894531,2357.030029296875,2.2160000801086426,15.59000015258789
2017-05-18,97.87999725341797,2365.719970703125,2.2330000400543213,14.65999984741211
2017-05-19,97.1500015258789,2381.72998046875,2.244999885559082,12.039999961853027
2017-05-22,96.9800033569336,2394.02001953125,2.253999948501587,10.930000305175781
2017-05-23,97.3499984741211,2398.419921875,2.2850000858306885,10.720000267028809
2017-05-24,97.23999786376953,2404.389892578125,2.2660000324249268,10.020000457763672
2017-05-25,97.25,2415.070068359375,2.255000114440918,9.989999771118164
2017-05-26,97.4000015258789,2415.820068359375,2.25,9.8100004196167
2017-05-30,97.27999877929688,2412.909912109375,2.2170000076293945,10.380000114440918
2017-05-31,96.91999816894531,2411.800048828125,2.196000099182129,10.40999984741211
2017-06-01,97.19999694824219,2430.06005859375,2.2170000076293945,9.890000343322754
2017-06-02,96.72000122070312,2439.070068359375,2.1589999198913574,9.75
2017-06-05,96.80000305175781,2436.10009765625,2.181999921798706,10.069999694824219
2017-06-06,96.63999938964844,2429.330078125,2.1470000743865967,10.449999809265137
2017-06-07,96.75,2433.139892578125,2.177999973297119,10.390000343322754
2017-06-08,96.91999816894531,2433.7900390625,2.194000005722046,10.15999984741211
2017-06-09,97.2699966430664,2431.77001953125,2.1989998817443848,10.699999809265137
2017-06-12,97.13999938964844,2429.389892578125,2.2130000591278076,11.460000038146973
2017-06-13,96.9800033569336,2440.35009765625,2.2070000171661377,10.420000076293945
2017-06-14,96.94000244140625,2437.919921875,2.138000011444092,10.640000343322754
2017-06-15,97.43000030517578,2432.4599609375,2.1619999408721924,10.899999618530273
2017-06-16,97.16000366210938,2433.14990234375,2.1570000648498535,10.380000114440918
2017-06-19,97.52999877929688,2453.4599609375,2.190000057220459,10.369999885559082
2017-06-20,97.75,2437.030029296875,2.1530001163482666,10.859999656677246
2017-06-21,97.55999755859375,2435.610107421875,2.1549999713897705,10.75
2017-06-22,97.54000091552734,2434.5,2.1530001163482666,10.479999542236328
2017-06-23,97.30000305175781,2438.300048828125,2.1440000534057617,10.020000457763672
2017-06-26,97.43000030517578,2439.070068359375,2.13700008392334,9.899999618530273
2017-06-27,96.47000122070312,2419.3798828125,2.197999954223633,11.0600004196167
2017-06-28,96.05000305175781,2440.68994140625,2.2209999561309814,10.029999732971191
2017-06-29,95.62999725341797,2419.699951171875,2.2669999599456787,11.4399995803833
2017-06-30,95.66000366210938,2423.409912109375,2.302000045776367,11.180000305175781
2017-07-03,96.19999694824219,2429.010009765625,2.3459999561309814,11.220000267028809
2017-07-05,96.29000091552734,2432.5400390625,2.3340001106262207,11.069999694824219
2017-07-06,95.81999969482422,2409.75,2.369999885559082,12.539999961853027
2017-07-07,96.01000213623047,2425.179931640625,2.3929998874664307,11.1899995803833
2017-07-10,96.05000305175781,2427.429931640625,2.371000051498413,11.109999656677246
2017-07-11,95.73999786376953,2425.530029296875,2.361999988555908,10.890000343322754
2017-07-12,95.79000091552734,2443.25,2.3269999027252197,10.300000190734863
2017-07-13,95.7300033569336,2447.830078125,2.3480000495910645,9.899999618530273
2017-07-14,95.11000061035156,2459.27001953125,2.319000005722046,9.510000228881836
2017-07-17,95.12999725341797,2459.139892578125,2.309000015258789,9.819999694824219
2017-07-18,94.66000366210938,2460.610107421875,2.263000011444092,9.890000343322754
2017-07-19,94.80000305175781,2473.830078125,2.2679998874664307,9.789999961853027
2017-07-20,94.2699966430664,2473.449951171875,2.2660000324249268,9.579999923706055
2017-07-21,93.94000244140625,2472.5400390625,2.2320001125335693,9.359999656677246
2017-07-24,93.9800033569336,2469.909912109375,2.253999948501587,9.430000305175781
2017-07-25,94.05000305175781,2477.1298828125,2.3259999752044678,9.430000305175781
2017-07-26,93.66999816894531,2477.830078125,2.2820000648498535,9.600000381469727
2017-07-27,93.86000061035156,2475.419921875,2.309999942779541,10.109999656677246
2017-07-28,93.26000213623047,2472.10009765625,2.2890000343322754,10.289999961853027
2017-07-31,92.86000061035156,2470.300048828125,2.2920000553131104,10.260000228881836
2017-08-01,93.02999877929688,2476.35009765625,2.250999927520752,10.09000015258789
2017-08-02,92.83000183105469,2477.570068359375,2.26200008392334,10.279999732971191
2017-08-03,92.80999755859375,2472.159912109375,2.2279999256134033,10.4399995803833
2017-08-04,93.54000091552734,2476.830078125,2.2669999599456787,10.029999732971191
2017-08-07,93.43000030517578,2480.909912109375,2.256999969482422,9.930000305175781
2017-08-08,93.63999938964844,2474.919921875,2.2829999923706055,10.960000038146973
2017-08-09,93.5199966430664,2474.02001953125,2.240999937057495,11.109999656677246
2017-08-10,93.4000015258789,2438.2099609375,2.2119998931884766,16.040000915527344
2017-08-11,93.06999969482422,2441.320068359375,2.188999891281128,15.510000228881836
2017-08-14,93.45999908447266,2465.840087890625,2.2190001010894775,12.329999923706055
2017-08-15,93.8499984741211,2464.610107421875,2.2660000324249268,12.039999961853027
2017-08-16,93.48999786376953,2468.110107421875,2.2260000705718994,11.739999771118164
2017-08-17,93.62000274658203,2430.010009765625,2.1989998817443848,15.550000190734863
2017-08-18,93.43000030517578,2425.550048828125,2.194000005722046,14.260000228881836
2017-08-21,93.0999984741211,2428.3701171875,2.180000066757202,13.1899995803833
2017-08-22,93.55000305175781,2452.510009765625,2.2149999141693115,11.350000381469727
2017-08-23,93.1500015258789,2444.0400390625,2.1710000038146973,12.25
2017-08-24,93.27999877929688,2438.969970703125,2.194000005722046,12.229999542236328
2017-08-25,92.73999786376953,2443.050048828125,2.1689999103546143,11.279999732971191
2017-08-28,92.20999908447266,2444.239990234375,2.1589999198913574,11.319999694824219
2017-08-29,92.3499984741211,2446.300048828125,2.135999917984009,11.699999809265137
2017-08-30,92.87999725341797,2457.590087890625,2.1429998874664307,11.220000267028809
2017-08-31,92.66999816894531,2471.64990234375,2.121000051498413,10.59000015258789
2017-09-01,92.80999755859375,2476.550048828125,2.1570000648498535,10.130000114440918
2017-09-05,92.30999755859375,2457.85009765625,2.069999933242798,12.229999542236328
2017-09-06,92.29000091552734,2465.5400390625,2.1080000400543213,11.630000114440918
2017-09-07,91.52999877929688,2465.10009765625,2.061000108718872,11.550000190734863
2017-09-08,91.33000183105469,2461.429931640625,2.061000108718872,12.119999885559082
2017-09-11,91.86000061035156,2488.110107421875,2.125,10.729999542236328
2017-09-12,91.91000366210938,2496.47998046875,2.1710000038146973,10.579999923706055
2017-09-13,92.5199966430664,2498.3701171875,2.194999933242798,10.5
2017-09-14,92.12000274658203,2495.6201171875,2.197000026702881,10.4399995803833
2017-09-15,91.87000274658203,2500.22998046875,2.2019999027252197,10.170000076293945
2017-09-18,92.05000305175781,2503.8701171875,2.2290000915527344,10.149999618530273
2017-09-19,91.79000091552734,2506.64990234375,2.243000030517578,10.180000305175781
2017-09-20,92.51000213623047,2508.239990234375,2.2769999504089355,9.779999732971191
2017-09-21,92.26000213623047,2500.60009765625,2.2780001163482666,9.670000076293945
2017-09-22,92.16999816894531,2502.219970703125,2.26200008392334,9.59000015258789
2017-09-25,92.6500015258789,2496.659912109375,2.2200000286102295,10.210000038146973
2017-09-26,92.97000122070312,2496.840087890625,2.2290000915527344,10.170000076293945
2017-09-27,93.36000061035156,2507.0400390625,2.309000015258789,9.869999885559082
2017-09-28,93.08999633789062,2510.06005859375,2.309000015258789,9.550000190734863
2017-09-29,93.08000183105469,2519.360107421875,2.3259999752044678,9.510000228881836
2017-10-02,93.55999755859375,2529.1201171875,2.3369998931884766,9.449999809265137
2017-10-03,93.56999969482422,2534.580078125,2.3340001106262207,9.510000228881836
2017-10-04,93.45999908447266,2537.739990234375,2.3299999237060547,9.630000114440918
2017-10-05,93.95999908447266,2552.070068359375,2.3499999046325684,9.1899995803833
2017-10-06,93.80000305175781,2549.330078125,2.369999885559082,9.649999618530273
2017-10-09,93.73999786376953,2544.72998046875,2.3610000610351562,10.329999923706055
2017-10-10,93.29000091552734,2550.639892578125,2.3450000286102295,10.079999923706055
2017-10-11,92.95999908447266,2555.239990234375,2.3450000286102295,9.850000381469727
2017-10-12,93.12000274658203,2550.929931640625,2.322999954223633,9.90999984741211
2017-10-13,93.08999633789062,2553.169921875,2.2799999713897705,9.609999656677246
2017-10-16,93.27999877929688,2557.639892578125,2.306999921798706,9.90999984741211
2017-10-17,93.48999786376953,2559.360107421875,2.2980000972747803,10.3100004196167
2017-10-18,93.36000061035156,2561.260009765625,2.3389999866485596,10.069999694824219
2017-10-19,93.2699966430664,2562.10009765625,2.321000099182129,10.050000190734863
2017-10-20,93.69999694824219,2575.2099609375,2.38100004196167,9.970000267028809
2017-10-23,93.94000244140625,2564.97998046875,2.375999927520752,11.069999694824219
2017-10-24,93.95999908447266,2569.1298828125,2.4059998989105225,11.15999984741211
2017-10-25,93.70999908447266,2557.14990234375,2.444000005722046,11.229999542236328
2017-10-26,94.61000061035156,2560.39990234375,2.4519999027252197,11.300000190734863
2017-10-27,94.91999816894531,2581.070068359375,2.427999973297119,9.800000190734863
2017-10-30,94.48999786376953,2572.830078125,2.369999885559082,10.5
2017-10-31,94.55000305175781,2575.260009765625,2.375999927520752,10.180000305175781
2017-11-01,94.81999969482422,2579.360107421875,2.375999927520752,10.199999809265137
2017-11-02,94.69000244140625,2579.85009765625,2.3469998836517334,9.930000305175781
2017-11-03,94.94000244140625,2587.840087890625,2.3429999351501465,9.140000343322754
2017-11-06,94.72000122070312,2591.1298828125,2.319999933242798,9.399999618530273
2017-11-07,94.91000366210938,2590.639892578125,2.306999921798706,9.890000343322754
2017-11-08,94.87000274658203,2594.3798828125,2.325000047683716,9.779999732971191
2017-11-09,94.44000244140625,2584.6201171875,2.3310000896453857,10.5
2017-11-10,94.38999938964844,2582.300048828125,2.4000000953674316,11.289999961853027
2017-11-13,94.48999786376953,2584.840087890625,2.4000000953674316,11.5
2017-11-14,93.83000183105469,2578.8701171875,2.38100004196167,11.59000015258789
2017-11-15,93.80999755859375,2564.6201171875,2.3350000381469727,13.130000114440918
2017-11-16,93.93000030517578,2585.639892578125,2.3610000610351562,11.760000228881836
2017-11-17,93.66000366210938,2578.85009765625,2.3540000915527344,11.430000305175781
2017-11-20,94.08000183105469,2582.139892578125,2.371999979019165,10.649999618530273
2017-11-21,93.94999694824219,2599.030029296875,2.36299991607666,9.729999542236328
2017-11-22,93.22000122070312,2597.080078125,2.322000026702881,9.880000114440918
2017-11-24,92.76000213623047,2602.419921875,2.3399999141693115,9.670000076293945
2017-11-27,92.9000015258789,2601.419921875,2.328000068664551,9.869999885559082
2017-11-28,93.26000213623047,2627.0400390625,2.3380000591278076,10.029999732971191
2017-11-29,93.26000213623047,2626.070068359375,2.375999927520752,10.699999809265137
2017-11-30,93.01000213623047,2647.580078125,2.4170000553131104,11.279999732971191
2017-12-01,92.9000015258789,2642.219970703125,2.361999988555908,11.430000305175781
2017-12-04,93.19000244140625,2639.43994140625,2.378999948501587,11.680000305175781
2017-12-05,93.37999725341797,2629.570068359375,2.3559999465942383,11.329999923706055
2017-12-06,93.61000061035156,2629.27001953125,2.3299999237060547,11.020000457763672
2017-12-07,93.80000305175781,2636.97998046875,2.375999927520752,10.15999984741211
2017-12-08,93.9000015258789,2651.5,2.382999897003174,9.579999923706055
2017-12-11,93.87000274658203,2659.989990234375,2.384999990463257,9.34000015258789
2017-12-12,94.0999984741211,2664.110107421875,2.4030001163482666,9.920000076293945
2017-12-13,93.43000030517578,2662.85009765625,2.3489999771118164,10.180000305175781
2017-12-14,93.48999786376953,2652.010009765625,2.3459999561309814,10.489999771118164
2017-12-15,93.93000030517578,2675.81005859375,2.3550000190734863,9.420000076293945
2017-12-18,93.69999694824219,2690.159912109375,2.3919999599456787,9.529999732971191
2017-12-19,93.47000122070312,2681.469970703125,2.4630000591278076,10.029999732971191
2017-12-20,93.3499984741211,2679.25,2.496999979019165,9.720000267028809
2017-12-21,93.27999877929688,2684.570068359375,2.4809999465942383,9.619999885559082
2017-12-22,93.3499984741211,2683.340087890625,2.484999895095825,9.899999618530273
2017-12-26,93.26000213623047,2680.5,2.4670000076293945,10.25
2017-12-27,93.02999877929688,2682.6201171875,2.4140000343322754,10.470000267028809
2017-12-28,92.5999984741211,2687.5400390625,2.431999921798706,10.180000305175781
2017-12-29,92.12000274658203,2673.610107421875,2.4049999713897705,11.039999961853027
2018-01-02,91.8499984741211,2695.81005859375,2.4649999141693115,9.770000457763672
2018-01-03,92.16000366210938,2713.06005859375,2.447000026702881,9.149999618530273
2018-01-04,91.8499984741211,2723.989990234375,2.453000068664551,9.220000267028809
2018-01-05,91.94999694824219,2743.14990234375,2.4760000705718994,9.220000267028809
2018-01-08,92.33000183105469,2747.7099609375,2.4800000190734863,9.520000457763672
2018-01-09,92.52999877929688,2751.2900390625,2.5460000038146973,10.079999923706055
2018-01-10,92.33000183105469,2748.22998046875,2.549999952316284,9.819999694824219
2018-01-11,91.8499984741211,2767.56005859375,2.5309998989105225,9.880000114440918
2018-01-12,90.97000122070312,2786.239990234375,2.552000045776367,10.15999984741211
2018-01-16,90.38999938964844,2776.419921875,2.5439999103546143,11.65999984741211
2018-01-17,90.54000091552734,2802.56005859375,2.578000068664551,11.90999984741211
2018-01-18,90.5,2798.030029296875,2.6110000610351562,12.220000267028809
2018-01-19,90.56999969482422,2810.300048828125,2.63700008392334,11.270000457763672
2018-01-22,90.4000015258789,2832.969970703125,2.6649999618530273,11.029999732971191
2018-01-23,90.12000274658203,2839.1298828125,2.624000072479248,11.100000381469727
2018-01-24,89.20999908447266,2837.5400390625,2.6540000438690186,11.470000267028809
2018-01-25,89.38999938964844,2839.25,2.621000051498413,11.579999923706055
2018-01-26,89.06999969482422,2872.8701171875,2.6619999408721924,11.079999923706055
2018-01-29,89.30999755859375,2853.530029296875,2.6989998817443848,13.84000015258789
2018-01-30,89.19000244140625,2822.429931640625,2.7260000705718994,14.789999961853027
2018-01-31,89.12999725341797,2823.81005859375,2.7200000286102295,13.539999961853027
2018-02-01,88.66999816894531,2821.97998046875,2.7730000019073486,13.470000267028809
2018-02-02,89.19999694824219,2762.1298828125,2.8540000915527344,17.309999465942383
2018-02-05,89.55000305175781,2648.93994140625,2.7939999103546143,37.31999969482422
2018-02-06,89.58999633789062,2695.139892578125,2.7679998874664307,29.979999542236328
2018-02-07,90.26000213623047,2681.659912109375,2.8440001010894775,27.729999542236328
2018-02-08,90.2300033569336,2581.0,2.8510000705718994,33.459999084472656
2018-02-09,90.44000244140625,2619.550048828125,2.8289999961853027,29.059999465942383
2018-02-12,90.20999908447266,2656.0,2.8570001125335693,25.610000610351562
2018-02-13,89.69999694824219,2662.93994140625,2.8399999141693115,24.969999313354492
2018-02-14,89.12000274658203,2698.6298828125,2.9130001068115234,19.260000228881836
2018-02-15,88.58999633789062,2731.199951171875,2.8910000324249268,19.1299991607666
2018-02-16,89.0999984741211,2732.219970703125,2.877000093460083,19.459999084472656
2018-02-20,89.72000122070312,2716.260009765625,2.8929998874664307,20.600000381469727
2018-02-21,90.08000183105469,2701.330078125,2.943000078201294,20.020000457763672
2018-02-22,89.75,2703.9599609375,2.9170000553131104,18.719999313354492
2018-02-23,89.87999725341797,2747.300048828125,2.871000051498413,16.489999771118164
2018-02-26,89.81999969482422,2779.60009765625,2.8589999675750732,15.800000190734863
2018-02-27,90.36000061035156,2744.280029296875,2.9079999923706055,18.59000015258789
2018-02-28,90.61000061035156,2713.830078125,2.868000030517578,19.850000381469727
2018-03-01,90.31999969482422,2677.669921875,2.803999900817871,22.469999313354492
2018-03-02,89.94000244140625,2691.25,2.8570001125335693,19.59000015258789
2018-03-05,90.08000183105469,2720.93994140625,2.88100004196167,18.729999542236328
2018-03-06,89.62000274658203,2728.1201171875,2.877000093460083,18.360000610351562
2018-03-07,89.63999938964844,2726.800048828125,2.882999897003174,17.760000228881836
2018-03-08,90.12000274658203,2738.969970703125,2.865999937057495,16.540000915527344
2018-03-09,90.08999633789062,2786.570068359375,2.8940000534057617,14.640000343322754
2018-03-12,89.9000015258789,2783.02001953125,2.869999885559082,15.779999732971191
2018-03-13,89.66000366210938,2765.31005859375,2.8480000495910645,16.350000381469727
2018-03-14,89.69999694824219,2749.47998046875,2.816999912261963,17.229999542236328
2018-03-15,90.13999938964844,2747.330078125,2.8259999752044678,16.59000015258789
2018-03-16,90.2300033569336,2752.010009765625,2.8480000495910645,15.800000190734863
2018-03-19,89.9000015258789,2712.919921875,2.8450000286102295,19.020000457763672
2018-03-20,90.37000274658203,2716.93994140625,2.878999948501587,18.200000762939453
2018-03-21,89.77999877929688,2711.929931640625,2.9070000648498535,17.860000610351562
2018-03-22,89.86000061035156,2643.68994140625,2.8320000171661377,23.34000015258789
2018-03-23,89.44000244140625,2588.260009765625,2.8299999237060547,24.8700008392334
2018-03-26,89.02999877929688,2658.550048828125,2.8429999351501465,21.030000686645508
2018-03-27,89.37000274658203,2612.6201171875,2.7860000133514404,22.5
2018-03-28,90.05999755859375,2605.0,2.7750000953674316,22.8700008392334
2018-03-29,90.1500015258789,2640.8701171875,2.740999937057495,19.969999313354492
2018-04-02,90.05000305175781,2581.8798828125,2.7320001125335693,23.6200008392334
2018-04-03,90.19999694824219,2614.449951171875,2.7839999198913574,21.100000381469727
2018-04-04,90.13999938964844,2644.68994140625,2.7880001068115234,20.059999465942383
2018-04-05,90.45999908447266,2662.840087890625,2.8320000171661377,18.940000534057617
2018-04-06,90.11000061035156,2604.469970703125,2.7750000953674316,21.489999771118164
2018-04-09,89.83999633789062,2613.159912109375,2.7860000133514404,21.770000457763672
2018-04-10,89.58999633789062,2656.8701171875,2.796999931335449,20.469999313354492
2018-04-11,89.56999969482422,2642.18994140625,2.7899999618530273,20.239999771118164
2018-04-12,89.75,2663.989990234375,2.8340001106262207,18.489999771118164
2018-04-13,89.80000305175781,2656.300048828125,2.8289999961853027,17.40999984741211
2018-04-16,89.43000030517578,2677.840087890625,2.8320000171661377,16.559999465942383
2018-04-17,89.5199966430664,2706.389892578125,2.813999891281128,15.25
2018-04-18,89.62000274658203,2708.639892578125,2.867000102996826,15.600000381469727
2018-04-19,89.94000244140625,2693.1298828125,2.9140000343322754,15.960000038146973
2018-04-20,90.31999969482422,2670.139892578125,2.9509999752044678,16.8799991607666
2018-04-23,90.94000244140625,2670.2900390625,2.9730000495910645,16.34000015258789
2018-04-24,90.7699966430664,2634.56005859375,2.9830000400543213,18.020000457763672
2018-04-25,91.16999816894531,2639.39990234375,3.0239999294281006,17.84000015258789
2018-04-26,91.55999755859375,2666.93994140625,2.990000009536743,16.239999771118164
2018-04-27,91.54000091552734,2669.909912109375,2.9570000171661377,15.40999984741211
2018-04-30,91.83999633789062,2648.050048828125,2.936000108718872,15.930000305175781
2018-05-01,92.44999694824219,2654.800048828125,2.9760000705718994,15.489999771118164
2018-05-02,92.51000213623047,2635.669921875,2.9639999866485596,15.970000267028809
2018-05-03,92.41000366210938,2629.72998046875,2.946000099182129,15.899999618530273
2018-05-04,92.56999969482422,2663.419921875,2.944000005722046,14.770000457763672
2018-05-07,92.75,2672.6298828125,2.950000047683716,14.75
2018-05-08,93.12000274658203,2671.919921875,2.9690001010894775,14.710000038146973
2018-05-09,93.04000091552734,2697.7900390625,3.003999948501587,13.420000076293945
2018-05-10,92.6500015258789,2723.070068359375,2.9709999561309814,13.229999542236328
2018-05-11,92.54000091552734,2727.719970703125,2.9709999561309814,12.649999618530273
2018-05-14,92.58999633789062,2730.1298828125,2.994999885559082,12.930000305175781
2018-05-15,93.22000122070312,2711.449951171875,3.0799999237060547,14.630000114440918
2018-05-16,93.38999938964844,2722.4599609375,3.0950000286102295,13.420000076293945
2018-05-17,93.47000122070312,2720.1298828125,3.1089999675750732,13.430000305175781
2018-05-18,93.63999938964844,2712.969970703125,3.066999912261963,13.420000076293945
2018-05-21,93.68000030517578,2733.010009765625,3.065000057220459,13.079999923706055
2018-05-22,93.61000061035156,2724.43994140625,3.065000057220459,13.220000267028809
2018-05-23,94.01000213623047,2733.2900390625,3.003000020980835,12.579999923706055
2018-05-24,93.77999877929688,2727.760009765625,2.9809999465942383,12.529999732971191
2018-05-25,94.19000244140625,2721.330078125,2.930999994277954,13.220000267028809
2018-05-29,94.83000183105469,2689.860107421875,2.7679998874664307,17.020000457763672
2018-05-30,94.1500015258789,2724.010009765625,2.8420000076293945,14.9399995803833
2018-05-31,93.98999786376953,2705.27001953125,2.822000026702881,15.430000305175781
2018-06-01,94.19000244140625,2734.6201171875,2.8949999809265137,13.460000038146973
2018-06-04,94.0199966430664,2746.8701171875,2.937000036239624,12.739999771118164
2018-06-05,93.88999938964844,2748.800048828125,2.9189999103546143,12.399999618530273
2018-06-06,93.66000366210938,2772.35009765625,2.9749999046325684,11.640000343322754
2018-06-07,93.4000015258789,2770.3701171875,2.933000087738037,12.130000114440918
2018-06-08,93.55000305175781,2779.030029296875,2.937000036239624,12.180000305175781
2018-06-11,93.58000183105469,2782.0,2.9570000171661377,12.350000381469727
2018-06-12,93.80000305175781,2786.85009765625,2.9570000171661377,12.34000015258789
2018-06-13,93.70999908447266,2775.6298828125,2.9769999980926514,12.9399995803833
2018-06-14,94.7699966430664,2782.489990234375,2.946000099182129,12.119999885559082
2018-06-15,94.79000091552734,2779.659912109375,2.9240000247955322,11.979999542236328
2018-06-18,94.75,2773.75,2.9260001182556152,12.3100004196167
2018-06-19,95.08999633789062,2762.590087890625,2.8929998874664307,13.350000381469727
2018-06-20,95.05999755859375,2767.320068359375,2.927999973297119,12.789999961853027
2018-06-21,94.87000274658203,2749.760009765625,2.8970000743865967,14.640000343322754
2018-06-22,94.5199966430664,2754.8798828125,2.9000000953674316,13.770000457763672
2018-06-25,94.27999877929688,2717.070068359375,2.875,17.329999923706055
2018-06-26,94.68000030517578,2723.06005859375,2.880000114440918,15.920000076293945
2018-06-27,95.29000091552734,2699.6298828125,2.8269999027252197,17.90999984741211
2018-06-28,95.38999938964844,2716.31005859375,2.8469998836517334,16.850000381469727
2018-06-29,94.62999725341797,2718.3701171875,2.8489999771118164,16.09000015258789
2018-07-02,94.87000274658203,2726.7099609375,2.865999937057495,15.600000381469727
2018-07-03,94.58999633789062,2713.219970703125,2.8380000591278076,16.139999389648438
2018-07-05,94.47000122070312,2736.610107421875,2.8399999141693115,14.970000267028809
2018-07-06,94.04000091552734,2759.820068359375,2.8310000896453857,13.369999885559082
2018-07-09,94.08000183105469,2784.169921875,2.859999895095825,12.6899995803833
2018-07-10,94.11000061035156,2793.840087890625,2.872999906539917,12.640000343322754
2018-07-11,94.72000122070312,2774.02001953125,2.8420000076293945,13.630000114440918
2018-07-12,94.80999755859375,2798.2900390625,2.8529999256134033,12.579999923706055
2018-07-13,94.75,2801.31005859375,2.8310000896453857,12.180000305175781
2018-07-16,94.51000213623047,2798.429931640625,2.8580000400543213,12.829999923706055
2018-07-17,94.97000122070312,2809.550048828125,2.864000082015991,12.0600004196167
2018-07-18,95.08000183105469,2815.6201171875,2.875,12.100000381469727
2018-07-19,95.16999816894531,2804.489990234375,2.8469998836517334,12.869999885559082
2018-07-20,94.45999908447266,2801.830078125,2.8949999809265137,12.859999656677246
2018-07-23,94.66999816894531,2806.97998046875,2.9649999141693115,12.619999885559082
2018-07-24,94.61000061035156,2820.39990234375,2.9489998817443848,12.40999984741211
2018-07-25,94.36000061035156,2846.070068359375,2.936000108718872,12.289999961853027
2018-07-26,94.75,2837.43994140625,2.9749999046325684,12.140000343322754
2018-07-27,94.68000030517578,2818.820068359375,2.9600000381469727,13.029999732971191
2018-07-30,94.36000061035156,2802.60009765625,2.9749999046325684,14.260000228881836
2018-07-31,94.48999786376953,2816.2900390625,2.9639999866485596,12.829999923706055
2018-08-01,94.62000274658203,2813.360107421875,3.003000020980835,13.149999618530273
2018-08-02,95.16999816894531,2827.219970703125,2.9860000610351562,12.1899995803833
2018-08-03,95.13999938964844,2840.35009765625,2.953000068664551,11.640000343322754
2018-08-06,95.36000061035156,2850.39990234375,2.937999963760376,11.270000457763672
2018-08-07,95.22000122070312,2858.449951171875,2.9730000495910645,10.930000305175781
2018-08-08,95.0999984741211,2857.699951171875,2.9709999561309814,10.850000381469727
2018-08-09,95.5,2853.580078125,2.934999942779541,11.270000457763672
2018-08-10,96.36000061035156,2833.280029296875,2.8570001125335693,13.15999984741211
2018-08-13,96.38999938964844,2821.929931640625,2.877000093460083,14.779999732971191
2018-08-14,96.7300033569336,2839.9599609375,2.8949999809265137,13.3100004196167
2018-08-15,96.69999694824219,2818.3701171875,2.8519999980926514,14.640000343322754
2018-08-16,96.6500015258789,2840.68994140625,2.871000051498413,13.449999809265137
2018-08-17,96.0999984741211,2850.1298828125,2.872999906539917,12.640000343322754
2018-08-20,95.9000015258789,2857.050048828125,2.822999954223633,12.489999771118164
2018-08-21,95.26000213623047,2862.9599609375,2.8440001010894775,12.859999656677246
2018-08-22,95.1500015258789,2861.820068359375,2.822999954223633,12.25
2018-08-23,95.62000274658203,2856.97998046875,2.821000099182129,12.40999984741211
2018-08-24,95.1500015258789,2874.68994140625,2.8259999752044678,11.989999771118164
2018-08-27,94.77999877929688,2896.739990234375,2.8480000495910645,12.15999984741211
2018-08-28,94.72000122070312,2897.52001953125,2.884000062942505,12.5
2018-08-29,94.5999984741211,2914.0400390625,2.884000062942505,12.25
2018-08-30,94.72000122070312,2901.1298828125,2.859999895095825,13.529999732971191
2018-08-31,95.13999938964844,2901.52001953125,2.8529999256134033,12.859999656677246
2018-09-04,95.41999816894531,2896.719970703125,2.9019999504089355,13.15999984741211
2018-09-05,95.12999725341797,2888.60009765625,2.9019999504089355,13.90999984741211
2018-09-06,95.0199966430664,2878.050048828125,2.878999948501587,14.649999618530273
2018-09-07,95.37000274658203,2871.679931640625,2.941999912261963,14.880000114440918
2018-09-10,95.1500015258789,2877.1298828125,2.937000036239624,14.15999984741211
2018-09-11,95.05999755859375,2887.889892578125,2.9769999980926514,13.220000267028809
2018-09-12,94.80000305175781,2888.919921875,2.9630000591278076,13.140000343322754
2018-09-13,94.54000091552734,2904.179931640625,2.9630000591278076,12.369999885559082
2018-09-14,94.9800033569336,2904.97998046875,2.99399995803833,12.069999694824219
2018-09-17,94.51000213623047,2888.800048828125,3.000999927520752,13.680000305175781
2018-09-18,94.62000274658203,2904.31005859375,3.0480000972747803,12.789999961853027
2018-09-19,94.55000305175781,2907.949951171875,3.0829999446868896,11.75
2018-09-20,93.91000366210938,2930.75,3.078000068664551,11.800000190734863
2018-09-21,94.22000122070312,2929.669921875,3.068000078201294,11.680000305175781
2018-09-24,94.26000213623047,2919.3701171875,3.078000068664551,12.199999809265137
2018-09-25,94.12999725341797,2915.56005859375,3.1019999980926514,12.420000076293945
2018-09-26,94.19000244140625,2905.969970703125,3.061000108718872,12.890000343322754
2018-09-27,95.0,2914.0,3.055999994277954,12.40999984741211
2018-09-28,95.19000244140625,2913.97998046875,3.055999994277954,12.119999885559082
2018-10-01,95.30000305175781,2924.590087890625,3.0799999237060547,12.0
2018-10-02,95.51000213623047,2923.429931640625,3.055999994277954,12.050000190734863
2018-10-03,95.76000213623047,2925.510009765625,3.1610000133514404,11.609999656677246
2018-10-04,95.75,2901.610107421875,3.197000026702881,14.220000267028809
2018-10-05,95.62000274658203,2885.570068359375,3.2249999046325684,14.819999694824219
2018-10-08,95.7699966430664,2884.429931640625,3.2330000400543213,15.6899995803833
2018-10-09,95.68000030517578,2880.340087890625,3.2079999446868896,15.949999809265137
2018-10-10,95.51000213623047,2785.679931640625,3.2249999046325684,22.959999084472656
2018-10-11,95.0199966430664,2728.3701171875,3.132999897003174,24.979999542236328
2018-10-12,95.22000122070312,2767.1298828125,3.1410000324249268,21.309999465942383
2018-10-15,95.06999969482422,2750.7900390625,3.1630001068115234,21.299999237060547
2018-10-16,95.05000305175781,2809.919921875,3.1559998989105225,17.6200008392334
2018-10-17,95.58000183105469,2809.2099609375,3.178999900817871,17.399999618530273
2018-10-18,95.9000015258789,2768.780029296875,3.174999952316284,20.059999465942383
2018-10-19,95.70999908447266,2767.780029296875,3.197999954223633,19.889999389648438
2018-10-22,96.01000213623047,2755.8798828125,3.196000099182129,19.639999389648438
2018-10-23,95.95999908447266,2740.68994140625,3.1659998893737793,20.709999084472656
2018-10-24,96.43000030517578,2656.10009765625,3.124000072479248,25.229999542236328
2018-10-25,96.68000030517578,2705.570068359375,3.135999917984009,24.219999313354492
2018-10-26,96.36000061035156,2658.68994140625,3.0769999027252197,24.15999984741211
2018-10-29,96.58000183105469,2641.25,3.0869998931884766,24.700000762939453
2018-10-30,97.01000213623047,2682.6298828125,3.109999895095825,23.350000381469727
2018-10-31,97.12999725341797,2711.739990234375,3.1589999198913574,21.229999542236328
2018-11-01,96.27999877929688,2740.3701171875,3.1440000534057617,19.34000015258789
2018-11-02,96.54000091552734,2723.06005859375,3.2139999866485596,19.510000228881836
2018-11-05,96.3499984741211,2738.31005859375,3.2009999752044678,19.959999084472656
2018-11-06,96.31999969482422,2755.449951171875,3.2139999866485596,19.90999984741211
2018-11-07,96.0,2813.889892578125,3.2130000591278076,16.360000610351562
2018-11-08,96.63999938964844,2806.830078125,3.2339999675750732,16.719999313354492
2018-11-09,96.91000366210938,2781.010009765625,3.188999891281128,17.360000610351562
2018-11-12,97.54000091552734,2726.219970703125,3.186000108718872,20.450000762939453
2018-11-13,97.30000305175781,2722.179931640625,3.1449999809265137,20.020000457763672
2018-11-14,96.80000305175781,2701.580078125,3.119999885559082,21.25
2018-11-15,96.93000030517578,2730.199951171875,3.118000030517578,19.979999542236328
2018-11-16,96.47000122070312,2736.27001953125,3.0739998817443848,18.139999389648438
2018-11-19,96.19000244140625,2690.72998046875,3.056999921798706,20.100000381469727
2018-11-20,96.80999755859375,2641.889892578125,3.0480000972747803,22.479999542236328
2018-11-21,96.70999908447266,2649.929931640625,3.061000108718872,20.799999237060547
2018-11-23,96.91999816894531,2632.56005859375,3.053999900817871,21.520000457763672
2018-11-26,97.06999969482422,2673.449951171875,3.072000026702881,18.899999618530273
2018-11-27,97.37000274658203,2682.169921875,3.055000066757202,19.020000457763672
2018-11-28,96.79000091552734,2743.7900390625,3.0439999103546143,18.489999771118164
2018-11-29,96.77999877929688,2737.800048828125,3.0350000858306885,18.790000915527344
2018-11-30,97.2699966430664,2760.169921875,3.013000011444092,18.06999969482422
2018-12-03,97.04000091552734,2790.3701171875,2.992000102996826,16.440000534057617
2018-12-04,96.97000122070312,2700.06005859375,2.9240000247955322,20.739999771118164
2018-12-06,96.80999755859375,2695.949951171875,2.875999927520752,21.190000534057617
2018-12-07,96.51000213623047,2633.080078125,2.8499999046325684,23.229999542236328
2018-12-10,97.22000122070312,2637.719970703125,2.8559999465942383,22.639999389648438
2018-12-11,97.38999938964844,2636.780029296875,2.878999948501587,21.760000228881836
2018-12-12,97.04000091552734,2651.070068359375,2.9059998989105225,21.459999084472656
2018-12-13,97.05999755859375,2650.5400390625,2.9110000133514404,20.649999618530273
2018-12-14,97.44000244140625,2599.949951171875,2.8910000324249268,21.6299991607666
2018-12-17,97.0999984741211,2545.93994140625,2.8570001125335693,24.520000457763672
2018-12-18,97.13999938964844,2546.159912109375,2.825000047683716,25.579999923706055
2018-12-19,97.04000091552734,2506.9599609375,2.7780001163482666,25.579999923706055
2018-12-20,96.27999877929688,2467.419921875,2.7890000343322754,28.3799991607666
2018-12-21,96.95999908447266,2416.6201171875,2.7920000553131104,30.110000610351562
2018-12-24,96.55000305175781,2351.10009765625,2.749000072479248,36.06999969482422
2018-12-26,97.05000305175781,2467.699951171875,2.796999931335449,30.40999984741211
2018-12-27,96.4800033569336,2488.830078125,2.743000030517578,29.959999084472656
2018-12-28,96.38999938964844,2485.739990234375,2.7360000610351562,28.34000015258789
2018-12-31,96.16999816894531,2506.85009765625,2.686000108718872,25.420000076293945
2019-01-02,96.81999969482422,2510.030029296875,2.6610000133514404,23.219999313354492
2019-01-03,96.30999755859375,2447.889892578125,2.553999900817871,25.450000762939453
2019-01-04,96.19000244140625,2531.93994140625,2.6589999198913574,21.3799991607666
2019-01-07,95.70999908447266,2549.68994140625,2.681999921798706,21.399999618530273
2019-01-08,95.9000015258789,2574.409912109375,2.7160000801086426,20.469999313354492
2019-01-09,95.22000122070312,2584.9599609375,2.7279999256134033,19.979999542236328
2019-01-10,95.54000091552734,2596.639892578125,2.7309999465942383,19.5
2019-01-11,95.66999816894531,2596.260009765625,2.7009999752044678,18.190000534057617
2019-01-14,95.58999633789062,2582.610107421875,2.7100000381469727,19.06999969482422
2019-01-15,95.97000122070312,2610.300048828125,2.7109999656677246,18.600000381469727
2019-01-16,96.05999755859375,2616.10009765625,2.7309999465942383,19.040000915527344
2019-01-17,96.06999969482422,2635.9599609375,2.749000072479248,18.059999465942383
2019-01-18,96.33999633789062,2670.7099609375,2.7839999198913574,17.799999237060547
2019-01-22,96.30000305175781,2632.89990234375,2.7300000190734863,20.799999237060547
2019-01-23,96.12000274658203,2638.699951171875,2.755000114440918,19.520000457763672
2019-01-24,96.5999984741211,2642.330078125,2.7119998931884766,18.889999389648438
2019-01-25,95.79000091552734,2664.760009765625,2.753000020980835,17.420000076293945
2019-01-28,95.75,2643.85009765625,2.74399995803833,18.8700008392334
2019-01-29,95.81999969482422,2640.0,2.7119998931884766,19.1299991607666
2019-01-30,95.33999633789062,2681.050048828125,2.694999933242798,17.65999984741211
2019-01-31,95.58000183105469,2704.10009765625,2.634999990463257,16.56999969482422
2019-02-01,95.58000183105469,2706.530029296875,2.690999984741211,16.139999389648438
2019-02-04,95.8499984741211,2724.8701171875,2.7239999771118164,15.729999542236328
2019-02-05,96.0999984741211,2737.699951171875,2.7019999027252197,15.569999694824219
2019-02-06,96.41999816894531,2731.610107421875,2.7019999027252197,15.380000114440918
2019-02-07,96.51000213623047,2706.050048828125,2.6519999504089355,16.3700008392334
2019-02-08,96.63999938964844,2707.8798828125,2.631999969482422,15.720000267028809
2019-02-11,97.05999755859375,2709.800048828125,2.6610000133514404,15.970000267028809
2019-02-12,96.70999908447266,2744.72998046875,2.684000015258789,15.430000305175781
2019-02-13,97.12999725341797,2753.030029296875,2.7079999446868896,15.649999618530273
2019-02-14,96.9800033569336,2745.72998046875,2.6570000648498535,16.219999313354492
2019-02-15,96.91999816894531,2775.60009765625,2.6659998893737793,14.90999984741211
2019-02-19,96.5199966430664,2779.760009765625,2.6470000743865967,14.880000114440918
2019-02-20,96.44999694824219,2784.699951171875,2.6540000438690186,14.020000457763672
2019-02-21,96.61000061035156,2774.8798828125,2.687999963760376,14.460000038146973
2019-02-22,96.51000213623047,2792.669921875,2.6549999713897705,13.510000228881836
2019-02-25,96.41000366210938,2796.110107421875,2.6730000972747803,14.850000381469727
2019-02-26,96.0,2793.89990234375,2.635999917984009,15.170000076293945
2019-02-27,96.1500015258789,2792.3798828125,2.693000078201294,14.699999809265137
2019-02-28,96.16000366210938,2784.489990234375,2.7109999656677246,14.779999732971191
2019-03-01,96.52999877929688,2803.68994140625,2.755000114440918,13.569999694824219
2019-03-04,96.68000030517578,2792.81005859375,2.7219998836517334,14.630000114440918
2019-03-05,96.8499984741211,2789.64990234375,2.7219998836517334,14.739999771118164
2019-03-06,96.87000274658203,2771.449951171875,2.691999912261963,15.739999771118164
2019-03-07,97.66999816894531,2748.929931640625,2.635999917984009,16.59000015258789
2019-03-08,97.37000274658203,2743.070068359375,2.625,16.049999237060547
2019-03-11,97.22000122070312,2783.300048828125,2.6429998874664307,14.329999923706055
2019-03-12,96.94000244140625,2791.52001953125,2.6050000190734863,13.770000457763672
2019-03-13,96.55000305175781,2810.919921875,2.6110000610351562,13.40999984741211
2019-03-14,96.79000091552734,2808.47998046875,2.630000114440918,13.5
2019-03-15,96.5999984741211,2822.47998046875,2.5929999351501465,12.880000114440918
2019-03-18,96.5199966430664,2832.93994140625,2.6019999980926514,13.100000381469727
2019-03-19,96.37999725341797,2832.570068359375,2.614000082015991,13.5600004196167
2019-03-20,95.76000213623047,2824.22998046875,2.5350000858306885,13.90999984741211
2019-03-21,96.5,2854.8798828125,2.5369999408721924,13.630000114440918
2019-03-22,96.6500015258789,2800.7099609375,2.4549999237060547,16.479999542236328
2019-03-25,96.56999969482422,2798.360107421875,2.4200000762939453,16.329999923706055
2019-03-26,96.73999786376953,2818.4599609375,2.4140000343322754,14.680000305175781
2019-03-27,96.7699966430664,2805.3701171875,2.374000072479248,15.149999618530273
2019-03-28,97.19999694824219,2815.43994140625,2.3889999389648438,14.430000305175781
2019-03-29,97.27999877929688,2834.39990234375,2.4140000343322754,13.710000038146973
2019-04-01,97.25,2867.18994140625,2.496999979019165,13.399999618530273
2019-04-02,97.36000061035156,2867.239990234375,2.4809999465942383,13.359999656677246
2019-04-03,97.08999633789062,2873.39990234375,2.5169999599456787,13.739999771118164
2019-04-04,97.30999755859375,2879.389892578125,2.51200008392334,13.579999923706055
2019-04-05,97.4000015258789,2892.739990234375,2.500999927520752,12.819999694824219
2019-04-08,97.05000305175781,2895.77001953125,2.5190000534057617,13.180000305175781
2019-04-09,97.01000213623047,2878.199951171875,2.499000072479248,14.279999732971191
2019-04-10,96.94999694824219,2888.2099609375,2.4769999980926514,13.300000190734863
2019-04-11,97.18000030517578,2888.320068359375,2.503999948501587,13.020000457763672
2019-04-12,96.97000122070312,2907.409912109375,2.559999942779541,12.010000228881836
2019-04-15,96.94000244140625,2905.580078125,2.552999973297119,12.319999694824219
2019-04-16,97.04000091552734,2907.06005859375,2.5920000076293945,12.180000305175781
2019-04-17,97.01000213623047,2900.449951171875,2.5920000076293945,12.600000381469727
2019-04-18,97.47000122070312,2905.030029296875,2.559999942779541,12.09000015258789
2019-04-22,97.27999877929688,2907.969970703125,2.5899999141693115,12.420000076293945
2019-04-23,97.56999969482422,2933.679931640625,2.569999933242798,12.279999732971191
2019-04-24,98.0999984741211,2927.25,2.5220000743865967,13.140000343322754
2019-04-25,98.19999694824219,2926.169921875,2.5339999198913574,13.25
2019-04-26,98.01000213623047,2939.8798828125,2.505000114440918,12.729999542236328
2019-04-29,97.86000061035156,2943.030029296875,2.5360000133514404,13.109999656677246
2019-04-30,97.4800033569336,2945.830078125,2.509000062942505,13.119999885559082
2019-05-01,97.69000244140625,2923.72998046875,2.510999917984009,14.800000190734863
2019-05-02,97.83000183105469,2917.52001953125,2.552000045776367,14.420000076293945
2019-05-03,97.5199966430664,2945.639892578125,2.5309998989105225,12.869999885559082
2019-05-06,97.5199966430664,2932.469970703125,2.5,15.4399995803833
2019-05-07,97.62999725341797,2884.050048828125,2.447999954223633,19.31999969482422
2019-05-08,97.62000274658203,2879.419921875,2.4820001125335693,19.399999618530273
2019-05-09,97.37000274658203,2870.719970703125,2.4570000171661377,19.100000381469727
2019-05-10,97.33000183105469,2881.39990234375,2.4549999237060547,16.040000915527344
2019-05-13,97.31999969482422,2811.8701171875,2.4049999713897705,20.549999237060547
2019-05-14,97.52999877929688,2834.409912109375,2.4189999103546143,18.059999465942383
2019-05-15,97.56999969482422,2850.9599609375,2.378999948501587,16.440000534057617
2019-05-16,97.83999633789062,2876.320068359375,2.4049999713897705,15.289999961853027
2019-05-17,98.0,2859.530029296875,2.3929998874664307,15.960000038146973
2019-05-20,97.93000030517578,2840.22998046875,2.4159998893737793,16.309999465942383
2019-05-21,98.05999755859375,2864.360107421875,2.4260001182556152,14.949999809265137
2019-05-22,98.11000061035156,2856.27001953125,2.3929998874664307,14.75
2019-05-23,97.8499984741211,2822.239990234375,2.2960000038146973,16.920000076293945
2019-05-24,97.61000061035156,2826.06005859375,2.3239998817443848,15.850000381469727
2019-05-28,97.95999908447266,2802.389892578125,2.2679998874664307,17.5
2019-05-29,98.13999938964844,2783.02001953125,2.2360000610351562,17.899999618530273
2019-05-30,98.13999938964844,2788.860107421875,2.2269999980926514,17.299999237060547
2019-05-31,97.75,2752.06005859375,2.1419999599456787,18.709999084472656
2019-06-03,97.13999938964844,2744.449951171875,2.0810000896453857,18.860000610351562
2019-06-04,97.06999969482422,2803.27001953125,2.11899995803833,16.969999313354492
2019-06-05,97.37000274658203,2826.14990234375,2.122999906539917,16.09000015258789
2019-06-06,97.02999877929688,2843.489990234375,2.124000072479248,15.930000305175781
2019-06-07,96.61000061035156,2873.340087890625,2.0840001106262207,16.299999237060547
2019-06-10,96.76000213623047,2886.72998046875,2.1429998874664307,15.9399995803833
2019-06-11,96.69000244140625,2885.719970703125,2.140000104904175,15.989999771118164
2019-06-12,97.0,2879.840087890625,2.127000093460083,15.90999984741211
2019-06-13,97.01000213623047,2891.639892578125,2.0910000801086426,15.819999694824219
2019-06-14,97.56999969482422,2886.97998046875,2.0929999351501465,15.279999732971191
2019-06-17,97.55999755859375,2889.669921875,2.0859999656677246,15.350000381469727
2019-06-18,97.63999938964844,2917.75,2.059999942779541,15.149999618530273
2019-06-19,97.12000274658203,2926.4599609375,2.0290000438690186,14.329999923706055
2019-06-20,96.62999725341797,2954.179931640625,2.000999927520752,14.75
2019-06-21,96.22000122070312,2950.4599609375,2.068000078201294,15.399999618530273
2019-06-24,95.9800033569336,2945.35009765625,2.0209999084472656,15.260000228881836
2019-06-25,96.16000366210938,2917.3798828125,1.99399995803833,16.280000686645508
2019-06-26,96.20999908447266,2913.780029296875,2.0490000247955322,16.209999084472656
2019-06-27,96.19000244140625,2924.919921875,2.005000114440918,15.819999694824219
2019-06-28,96.12999725341797,2941.760009765625,2.0,15.079999923706055
2019-07-01,96.83999633789062,2964.330078125,2.0339999198913574,14.0600004196167
2019-07-02,96.7300033569336,2973.010009765625,1.9759999513626099,12.930000305175781
2019-07-03,96.7699966430664,2995.820068359375,1.9529999494552612,12.569999694824219
2019-07-05,97.25,2990.409912109375,2.0480000972747803,13.279999732971191
2019-07-08,97.37999725341797,2975.949951171875,2.0339999198913574,13.960000038146973
2019-07-09,97.48999786376953,2979.6298828125,2.053999900817871,14.09000015258789
2019-07-10,97.0999984741211,2993.070068359375,2.061000108718872,13.029999732971191
2019-07-11,97.05000305175781,2999.909912109375,2.119999885559082,12.930000305175781
2019-07-12,96.80999755859375,3013.77001953125,2.1059999465942383,12.390000343322754
2019-07-15,96.93000030517578,3014.300048828125,2.0920000076293945,12.680000305175781
2019-07-16,97.4000015258789,3004.0400390625,2.121999979019165,12.859999656677246
2019-07-17,97.22000122070312,2984.419921875,2.061000108718872,13.970000267028809
2019-07-18,96.79000091552734,2995.110107421875,2.0380001068115234,13.529999732971191
2019-07-19,97.1500015258789,2976.610107421875,2.0480000972747803,14.449999809265137
2019-07-22,97.26000213623047,2985.030029296875,2.0429999828338623,13.529999732971191
2019-07-23,97.70999908447266,3005.469970703125,2.0739998817443848,12.609999656677246
2019-07-24,97.7300033569336,3019.56005859375,2.049999952316284,12.069999694824219
2019-07-25,97.81999969482422,3003.669921875,2.0739998817443848,12.739999771118164
2019-07-26,98.01000213623047,3025.860107421875,2.0810000896453857,12.15999984741211
2019-07-29,98.04000091552734,3020.969970703125,2.055000066757202,12.829999923706055
2019-07-30,98.05000305175781,3013.179931640625,2.061000108718872,13.9399995803833
2019-07-31,98.5199966430664,2980.3798828125,2.0209999084472656,16.1200008392334
2019-08-01,98.38999938964844,2953.56005859375,1.8940000534057617,17.8700008392334
2019-08-02,98.0999984741211,2932.050048828125,1.8550000190734863,17.610000610351562
2019-08-05,97.5,2844.739990234375,1.7350000143051147,24.59000015258789
2019-08-06,97.62999725341797,2881.77001953125,1.7389999628067017,20.170000076293945
2019-08-07,97.54000091552734,2883.97998046875,1.684000015258789,19.489999771118164
2019-08-08,97.62000274658203,2938.090087890625,1.715999960899353,16.90999984741211
2019-08-09,97.48999786376953,2918.64990234375,1.7339999675750732,17.969999313354492
2019-08-12,97.37999725341797,2882.699951171875,1.6390000581741333,21.09000015258789
2019-08-13,97.80999755859375,2926.320068359375,1.6799999475479126,17.520000457763672
2019-08-14,97.98999786376953,2840.60009765625,1.5809999704360962,22.100000381469727
2019-08-15,98.13999938964844,2847.60009765625,1.5290000438690186,21.18000030517578
2019-08-16,98.13999938964844,2888.679931640625,1.5390000343322754,18.469999313354492
2019-08-19,98.3499984741211,2923.64990234375,1.5980000495910645,16.8799991607666
2019-08-20,98.19000244140625,2900.510009765625,1.5609999895095825,17.5
2019-08-21,98.30000305175781,2924.429931640625,1.5770000219345093,15.800000190734863
2019-08-22,98.16999816894531,2922.949951171875,1.6100000143051147,16.68000030517578
2019-08-23,97.63999938964844,2847.110107421875,1.527999997138977,19.8700008392334
2019-08-26,98.08000183105469,2878.3798828125,1.5449999570846558,19.31999969482422
2019-08-27,98.0,2869.159912109375,1.4900000095367432,20.309999465942383
2019-08-28,98.20999908447266,2887.93994140625,1.465999960899353,19.350000381469727
2019-08-29,98.51000213623047,2924.580078125,1.5160000324249268,17.8799991607666
2019-08-30,98.91999816894531,2926.4599609375,1.50600004196167,18.979999542236328
2019-09-03,98.94999694824219,2906.27001953125,1.465999960899353,19.65999984741211
2019-09-04,98.44999694824219,2937.780029296875,1.4589999914169312,17.329999923706055
2019-09-05,98.41000366210938,2976.0,1.565000057220459,16.270000457763672
2019-09-06,98.38999938964844,2978.7099609375,1.5499999523162842,15.0
2019-09-09,98.27999877929688,2978.429931640625,1.621999979019165,15.270000457763672
2019-09-10,98.33000183105469,2979.389892578125,1.7020000219345093,15.199999809265137
2019-09-11,98.6500015258789,3000.929931640625,1.7330000400543213,14.609999656677246
2019-09-12,98.30999755859375,3009.570068359375,1.7910000085830688,14.220000267028809
2019-09-13,98.26000213623047,3007.389892578125,1.902999997138977,13.739999771118164
2019-09-16,98.6500015258789,2997.9599609375,1.840999960899353,14.670000076293945
2019-09-17,98.26000213623047,3005.699951171875,1.812000036239624,14.4399995803833
2019-09-18,98.5999984741211,3006.72998046875,1.7860000133514404,13.949999809265137
2019-09-19,98.2699966430664,3006.7900390625,1.7740000486373901,14.050000190734863
2019-09-20,98.51000213623047,2992.070068359375,1.7549999952316284,15.319999694824219
2019-09-23,98.5999984741211,2991.780029296875,1.7079999446868896,14.90999984741211
2019-09-24,98.33999633789062,2966.60009765625,1.6349999904632568,17.049999237060547
2019-09-25,99.04000091552734,2984.8701171875,1.7319999933242798,15.960000038146973
2019-09-26,99.20999908447266,2977.6201171875,1.684999942779541,16.06999969482422
2019-09-27,99.11000061035156,2961.7900390625,1.6749999523162842,17.219999313354492
2019-09-30,99.37999725341797,2976.739990234375,1.6749999523162842,16.239999771118164
2019-10-01,99.12999725341797,2940.25,1.6440000534057617,18.559999465942383
2019-10-02,99.04000091552734,2887.610107421875,1.5959999561309814,20.559999465942383
2019-10-03,98.86000061035156,2910.6298828125,1.5360000133514404,19.1200008392334
2019-10-04,98.80999755859375,2952.010009765625,1.5149999856948853,17.040000915527344
2019-10-07,98.98999786376953,2938.7900390625,1.5529999732971191,17.860000610351562
2019-10-08,99.13999938964844,2893.06005859375,1.5369999408721924,20.280000686645508
2019-10-09,99.12000274658203,2919.39990234375,1.5889999866485596,18.639999389648438
2019-10-10,98.70999908447266,2938.1298828125,1.6579999923706055,17.56999969482422
2019-10-11,98.30000305175781,2970.27001953125,1.7519999742507935,15.579999923706055
2019-10-14,98.44999694824219,2966.14990234375,1.7330000400543213,14.569999694824219
2019-10-15,98.29000091552734,2995.679931640625,1.7710000276565552,13.539999961853027
2019-10-16,98.01000213623047,2989.68994140625,1.7480000257492065,13.680000305175781
2019-10-17,97.61000061035156,2997.949951171875,1.7569999694824219,13.789999961853027
2019-10-18,97.27999877929688,2986.199951171875,1.746999979019165,14.25
2019-10-21,97.33000183105469,3006.719970703125,1.7920000553131104,14.0
2019-10-22,97.52999877929688,2995.989990234375,1.7680000066757202,14.460000038146973
2019-10-23,97.47000122070312,3004.52001953125,1.7589999437332153,14.010000228881836
2019-10-24,97.62999725341797,3010.2900390625,1.7660000324249268,13.710000038146973
2019-10-25,97.83000183105469,3022.550048828125,1.8009999990463257,12.649999618530273
2019-10-28,97.76000213623047,3039.419921875,1.8530000448226929,13.109999656677246
2019-10-29,97.69000244140625,3036.889892578125,1.8350000381469727,13.199999809265137
2019-10-30,97.6500015258789,3046.77001953125,1.7979999780654907,12.329999923706055
2019-10-31,97.3499984741211,3037.56005859375,1.690999984741211,13.220000267028809
2019-11-01,97.23999786376953,3066.909912109375,1.7280000448226929,12.300000190734863
2019-11-04,97.51000213623047,3078.27001953125,1.7860000133514404,12.829999923706055
2019-11-05,97.9800033569336,3074.6201171875,1.8660000562667847,13.100000381469727
2019-11-06,97.94999694824219,3076.780029296875,1.8140000104904175,12.619999885559082
2019-11-07,98.13999938964844,3085.179931640625,1.9259999990463257,12.729999542236328
2019-11-08,98.3499984741211,3093.080078125,1.9329999685287476,12.069999694824219
2019-11-11,98.19999694824219,3087.010009765625,1.9429999589920044,12.6899995803833
2019-11-12,98.30999755859375,3091.840087890625,1.909000039100647,12.680000305175781
2019-11-13,98.37000274658203,3094.0400390625,1.8700000047683716,13.0
2019-11-14,98.16000366210938,3096.6298828125,1.815000057220459,13.050000190734863
2019-11-15,98.0,3120.4599609375,1.8339999914169312,12.050000190734863
2019-11-18,97.79000091552734,3122.030029296875,1.8079999685287476,12.460000038146973
2019-11-19,97.86000061035156,3120.179931640625,1.7860000133514404,12.859999656677246
2019-11-20,97.93000030517578,3108.4599609375,1.7380000352859497,12.779999732971191
2019-11-21,97.98999786376953,3103.5400390625,1.7719999551773071,13.130000114440918
2019-11-22,98.2699966430664,3110.2900390625,1.7740000486373901,12.34000015258789
2019-11-25,98.31999969482422,3133.639892578125,1.7640000581741333,11.869999885559082
2019-11-26,98.25,3140.52001953125,1.7400000095367432,11.539999961853027
2019-11-27,98.41000366210938,3153.6298828125,1.7669999599456787,11.75
2019-11-29,98.2699966430664,3140.97998046875,1.7760000228881836,12.619999885559082
2019-12-02,97.86000061035156,3113.8701171875,1.8359999656677246,14.90999984741211
2019-12-03,97.73999786376953,3093.199951171875,1.7089999914169312,15.960000038146973
2019-12-04,97.6500015258789,3112.760009765625,1.781000018119812,14.800000190734863
2019-12-05,97.41000366210938,3117.429931640625,1.7970000505447388,14.520000457763672
2019-12-06,97.69999694824219,3145.909912109375,1.8420000076293945,13.619999885559082
2019-12-09,97.63999938964844,3135.9599609375,1.8289999961853027,15.859999656677246
2019-12-10,97.41000366210938,3132.52001953125,1.8329999446868896,15.680000305175781
2019-12-11,97.16000366210938,3141.6298828125,1.7899999618530273,14.989999771118164
2019-12-12,97.4000015258789,3168.570068359375,1.8969999551773071,13.9399995803833
2019-12-13,97.16999816894531,3168.800048828125,1.819000005722046,12.630000114440918
2019-12-16,97.06999969482422,3191.449951171875,1.8919999599456787,12.140000343322754
2019-12-17,97.20999908447266,3192.52001953125,1.8890000581741333,12.289999961853027
2019-12-18,97.41000366210938,3191.139892578125,1.9240000247955322,12.579999923706055
2019-12-19,97.41999816894531,3205.3701171875,1.9079999923706055,12.5
2019-12-20,97.70999908447266,3221.219970703125,1.9170000553131104,12.510000228881836
2019-12-23,97.66000366210938,3224.010009765625,1.934999942779541,12.609999656677246
2019-12-24,97.6500015258789,3223.3798828125,1.909999966621399,12.670000076293945
2019-12-26,97.58999633789062,3239.909912109375,1.9049999713897705,12.649999618530273
2019-12-27,96.91999816894531,3240.02001953125,1.8739999532699585,13.430000305175781
2019-12-30,96.73999786376953,3221.2900390625,1.8949999809265137,14.819999694824219
2019-12-31,96.38999938964844,3230.780029296875,1.9190000295639038,13.779999732971191
2020-01-02,96.8499984741211,3257.85009765625,1.8819999694824219,12.470000267028809
2020-01-03,96.83999633789062,3234.85009765625,1.7879999876022339,14.020000457763672
2020-01-06,96.66999816894531,3246.280029296875,1.8109999895095825,13.850000381469727
2020-01-07,96.9800033569336,3237.179931640625,1.8270000219345093,13.789999961853027
2020-01-08,97.30000305175781,3253.050048828125,1.8739999532699585,13.449999809265137
2020-01-09,97.44999694824219,3274.699951171875,1.8580000400543213,12.539999961853027
2020-01-10,97.36000061035156,3265.35009765625,1.8250000476837158,12.5600004196167
2020-01-13,97.3499984741211,3288.1298828125,1.8480000495910645,12.319999694824219
2020-01-14,97.37000274658203,3283.14990234375,1.8179999589920044,12.390000343322754
2020-01-15,97.2300033569336,3289.2900390625,1.7879999876022339,12.420000076293945
2020-01-16,97.31999969482422,3316.81005859375,1.809000015258789,12.319999694824219
2020-01-17,97.61000061035156,3329.6201171875,1.8359999656677246,12.100000381469727
2020-01-21,97.52999877929688,3320.7900390625,1.7690000534057617,12.850000381469727
2020-01-22,97.52999877929688,3321.75,1.7690000534057617,12.90999984741211
2020-01-23,97.69000244140625,3325.5400390625,1.7400000095367432,12.979999542236328
2020-01-24,97.8499984741211,3295.469970703125,1.680999994277954,14.5600004196167
2020-01-27,97.95999908447266,3243.6298828125,1.6050000190734863,18.229999542236328
2020-01-28,98.0199966430664,3276.239990234375,1.6410000324249268,16.280000686645508
2020-01-29,97.98999786376953,3273.39990234375,1.593999981880188,16.389999389648438
2020-01-30,97.87000274658203,3283.659912109375,1.5579999685287476,15.489999771118164
2020-01-31,97.38999938964844,3225.52001953125,1.5199999809265137,18.84000015258789
2020-02-03,97.80000305175781,3248.919921875,1.5199999809265137,17.969999313354492
2020-02-04,97.95999908447266,3297.590087890625,1.6030000448226929,16.049999237060547
2020-02-05,98.2699966430664,3334.68994140625,1.6490000486373901,15.149999618530273
2020-02-06,98.5,3345.780029296875,1.6440000534057617,14.960000038146973
2020-02-07,98.68000030517578,3327.7099609375,1.5779999494552612,15.470000267028809
2020-02-10,98.83000183105469,3352.090087890625,1.5470000505447388,15.039999961853027
2020-02-11,98.72000122070312,3357.75,1.590000033378601,15.180000305175781
2020-02-12,99.05000305175781,3379.449951171875,1.6299999952316284,13.739999771118164
2020-02-13,99.06999969482422,3373.93994140625,1.6169999837875366,14.149999618530273
2020-02-14,99.12000274658203,3380.159912109375,1.5880000591278076,13.680000305175781
2020-02-18,99.45999908447266,3370.2900390625,1.555999994277954,14.829999923706055
2020-02-19,99.5999984741211,3386.14990234375,1.5700000524520874,14.380000114440918
2020-02-20,99.87000274658203,3373.22998046875,1.524999976158142,15.5600004196167
2020-02-21,99.26000213623047,3337.75,1.4709999561309814,17.079999923706055
2020-02-24,99.29000091552734,3225.889892578125,1.3769999742507935,25.030000686645508
2020-02-25,98.97000122070312,3128.2099609375,1.3300000429153442,27.850000381469727
2020-02-26,99.0,3116.389892578125,1.309999942779541,27.559999465942383
2020-02-27,98.44000244140625,2978.760009765625,1.2990000247955322,39.15999984741211
2020-02-28,98.12999725341797,2954.219970703125,1.1269999742507935,40.11000061035156
2020-03-02,97.36000061035156,3090.22998046875,1.0880000591278076,33.41999816894531
2020-03-03,97.1500015258789,3003.3701171875,1.0099999904632568,36.81999969482422
2020-03-04,97.33999633789062,3130.1201171875,0.9919999837875366,31.989999771118164
2020-03-05,96.81999969482422,3023.93994140625,0.9259999990463257,39.619998931884766
2020-03-06,95.94999694824219,2972.3701171875,0.7059999704360962,41.939998626708984
2020-03-09,94.9000015258789,2746.56005859375,0.49900001287460327,54.459999084472656
2020-03-10,96.41000366210938,2882.22998046875,0.7480000257492065,47.29999923706055
2020-03-11,96.51000213623047,2741.3798828125,0.8199999928474426,53.900001525878906
2020-03-12,97.47000122070312,2480.639892578125,0.8489999771118164,75.47000122070312
2020-03-13,98.75,2711.02001953125,0.9509999752044678,57.83000183105469
2020-03-16,98.08999633789062,2386.1298828125,0.7279999852180481,82.69000244140625
2020-03-17,99.58000183105469,2529.18994140625,0.996999979019165,75.91000366210938
2020-03-18,101.16000366210938,2398.10009765625,1.2660000324249268,76.44999694824219
2020-03-19,102.76000213623047,2409.389892578125,1.11899995803833,72.0
2020-03-20,102.81999969482422,2304.919921875,0.9380000233650208,66.04000091552734
2020-03-23,102.48999786376953,2237.39990234375,0.7639999985694885,61.59000015258789
2020-03-24,101.73999786376953,2447.330078125,0.8159999847412109,61.66999816894531
2020-03-25,101.05000305175781,2475.56005859375,0.8579999804496765,63.95000076293945
2020-03-26,99.41999816894531,2630.070068359375,0.8109999895095825,61.0
2020-03-27,98.37000274658203,2541.469970703125,0.7490000128746033,65.54000091552734
2020-03-30,99.18000030517578,2626.64990234375,0.6700000166893005,57.08000183105469
2020-03-31,99.05000305175781,2584.590087890625,0.6980000138282776,53.540000915527344
2020-04-01,99.66999816894531,2470.5,0.6349999904632568,57.060001373291016
2020-04-02,100.18000030517578,2526.89990234375,0.6269999742507935,50.90999984741211
2020-04-03,100.58000183105469,2488.64990234375,0.5870000123977661,46.79999923706055
2020-04-06,100.69000244140625,2663.679931640625,0.6759999990463257,45.2400016784668
2020-04-07,99.9800033569336,2659.409912109375,0.7360000014305115,46.70000076293945
2020-04-08,100.12000274658203,2749.97998046875,0.7639999985694885,43.349998474121094
2020-04-09,99.5199966430664,2789.820068359375,0.7289999723434448,41.66999816894531
2020-04-13,99.3499984741211,2761.6298828125,0.7490000128746033,41.16999816894531
2020-04-14,98.88999938964844,2846.06005859375,0.7519999742507935,37.7599983215332
2020-04-15,99.45999908447266,2783.360107421875,0.6380000114440918,40.84000015258789
2020-04-16,100.02999877929688,2799.550048828125,0.609000027179718,40.11000061035156
2020-04-17,99.77999877929688,2874.56005859375,0.6539999842643738,38.150001525878906
2020-04-20,99.95999908447266,2823.159912109375,0.6259999871253967,43.83000183105469
2020-04-21,100.26000213623047,2736.56005859375,0.5709999799728394,45.40999984741211
2020-04-22,100.38999938964844,2799.31005859375,0.6190000176429749,41.97999954223633
2020-04-23,100.43000030517578,2797.800048828125,0.6129999756813049,41.380001068115234
2020-04-24,100.37999725341797,2836.739990234375,0.5960000157356262,35.93000030517578
2020-04-27,100.04000091552734,2878.47998046875,0.656000018119812,33.290000915527344
2020-04-28,99.87000274658203,2863.389892578125,0.6100000143051147,33.56999969482422
2020-04-29,99.56999969482422,2939.510009765625,0.6269999742507935,31.229999542236328
2020-04-30,99.0199966430664,2912.429931640625,0.621999979019165,34.150001525878906
2020-05-01,98.80000305175781,2830.7099609375,0.6420000195503235,37.189998626708984
2020-05-04,99.4800033569336,2842.739990234375,0.6370000243186951,35.970001220703125
2020-05-05,99.70999908447266,2868.43994140625,0.6570000052452087,33.61000061035156
2020-05-06,100.08999633789062,2848.419921875,0.7110000252723694,34.119998931884766
2020-05-07,99.88999938964844,2881.18994140625,0.6309999823570251,31.440000534057617
2020-05-08,99.7300033569336,2929.800048828125,0.6819999814033508,27.979999542236328
2020-05-11,100.23999786376953,2930.18994140625,0.7260000109672546,27.56999969482422
2020-05-12,99.93000030517578,2870.1201171875,0.6779999732971191,33.040000915527344
2020-05-13,100.23999786376953,2820.0,0.6489999890327454,35.279998779296875
2020-05-14,100.47000122070312,2852.5,0.6190000176429749,32.61000061035156
2020-05-15,100.4000015258789,2863.699951171875,0.6399999856948853,31.889999389648438
2020-05-18,99.66999816894531,2953.909912109375,0.7440000176429749,29.299999237060547
2020-05-19,99.37000274658203,2922.93994140625,0.7110000252723694,30.530000686645508
2020-05-20,99.12000274658203,2971.610107421875,0.6800000071525574,27.989999771118164
2020-05-21,99.37000274658203,2948.510009765625,0.6769999861717224,29.530000686645508
2020-05-22,99.86000061035156,2955.449951171875,0.6570000052452087,28.15999984741211
2020-05-26,98.91000366210938,2991.77001953125,0.6980000138282776,28.010000228881836
2020-05-27,99.05999755859375,3036.1298828125,0.6800000071525574,27.6200008392334
2020-05-28,98.37999725341797,3029.72998046875,0.7049999833106995,28.59000015258789
2020-05-29,98.33999633789062,3044.31005859375,0.6480000019073486,27.510000228881836
2020-06-01,97.83000183105469,3055.72998046875,0.6620000004768372,28.229999542236328
2020-06-02,97.66999816894531,3080.820068359375,0.6800000071525574,26.84000015258789
2020-06-03,97.27999877929688,3122.8701171875,0.7609999775886536,25.65999984741211
2020-06-04,96.68000030517578,3112.35009765625,0.8199999928474426,25.809999465942383
2020-06-05,96.94000244140625,3193.929931640625,0.9039999842643738,24.520000457763672
2020-06-08,96.62000274658203,3232.389892578125,0.8840000033378601,25.809999465942383
2020-06-09,96.31999969482422,3207.179931640625,0.8289999961853027,27.56999969482422
2020-06-10,95.95999908447266,3190.139892578125,0.7480000257492065,27.56999969482422
2020-06-11,96.7300033569336,3002.10009765625,0.652999997138977,40.790000915527344
2020-06-12,97.31999969482422,3041.31005859375,0.6990000009536743,36.09000015258789
2020-06-15,96.68000030517578,3066.590087890625,0.7020000219345093,34.400001525878906
2020-06-16,96.95999908447266,3124.739990234375,0.7559999823570251,33.66999816894531
2020-06-17,97.16000366210938,3113.489990234375,0.7329999804496765,33.470001220703125
2020-06-18,97.41999816894531,3115.340087890625,0.6940000057220459,32.939998626708984
2020-06-19,97.62000274658203,3097.739990234375,0.6970000267028809,35.119998931884766
2020-06-22,97.04000091552734,3117.860107421875,0.7039999961853027,31.770000457763672
2020-06-23,96.69000244140625,3131.2900390625,0.7089999914169312,31.3700008392334
2020-06-24,97.1500015258789,3050.330078125,0.6840000152587891,33.84000015258789
2020-06-25,97.43000030517578,3083.760009765625,0.6740000247955322,32.220001220703125
2020-06-26,97.5,3009.050048828125,0.6359999775886536,34.72999954223633
2020-06-29,97.54000091552734,3053.239990234375,0.6359999775886536,31.780000686645508
2020-06-30,97.38999938964844,3100.2900390625,0.652999997138977,30.43000030517578
2020-07-01,97.19999694824219,3115.860107421875,0.6819999814033508,28.6200008392334
2020-07-02,97.31999969482422,3130.010009765625,0.6690000295639038,27.68000030517578
2020-07-06,96.79000091552734,3179.719970703125,0.6840000152587891,27.940000534057617
2020-07-07,96.87999725341797,3145.320068359375,0.6499999761581421,29.43000030517578
2020-07-08,96.43000030517578,3169.93994140625,0.652999997138977,28.079999923706055
2020-07-09,96.69999694824219,3152.050048828125,0.6050000190734863,29.260000228881836
2020-07-10,96.6500015258789,3185.0400390625,0.6330000162124634,27.290000915527344
2020-07-13,96.45999908447266,3155.219970703125,0.6399999856948853,32.189998626708984
2020-07-14,96.26000213623047,3197.52001953125,0.6150000095367432,29.520000457763672
2020-07-15,96.08000183105469,3226.56005859375,0.6299999952316284,27.760000228881836
2020-07-16,96.3499984741211,3215.570068359375,0.6119999885559082,28.0
2020-07-17,95.94000244140625,3224.72998046875,0.628000020980835,25.68000030517578
2020-07-20,95.83000183105469,3251.840087890625,0.6200000047683716,24.459999084472656
2020-07-21,95.12000274658203,3257.300048828125,0.6069999933242798,24.84000015258789
2020-07-22,94.97000122070312,3276.02001953125,0.5950000286102295,24.31999969482422
2020-07-23,94.69000244140625,3235.659912109375,0.5820000171661377,26.079999923706055
2020-07-24,94.44000244140625,3215.6298828125,0.5889999866485596,25.84000015258789
2020-07-27,93.66999816894531,3239.409912109375,0.609000027179718,24.739999771118164
2020-07-28,93.76000213623047,3218.43994140625,0.5809999704360962,25.440000534057617
2020-07-29,93.26000213623047,3258.43994140625,0.5789999961853027,24.100000381469727
2020-07-30,93.0199966430664,3246.219970703125,0.5410000085830688,24.760000228881836
2020-07-31,93.48999786376953,3271.1201171875,0.5360000133514404,24.459999084472656
2020-08-03,93.5,3294.610107421875,0.5630000233650208,24.280000686645508
2020-08-04,93.37999725341797,3306.510009765625,0.5149999856948853,23.760000228881836
2020-08-05,92.83000183105469,3327.77001953125,0.5429999828338623,22.989999771118164
2020-08-06,92.79000091552734,3349.159912109375,0.5360000133514404,22.649999618530273
2020-08-07,93.44000244140625,3351.280029296875,0.5619999766349792,22.209999084472656
2020-08-10,93.58000183105469,3360.469970703125,0.5740000009536743,22.1299991607666
2020-08-11,93.62999725341797,3333.68994140625,0.6579999923706055,24.030000686645508
2020-08-12,93.44000244140625,3380.35009765625,0.6700000166893005,22.280000686645508
2020-08-13,93.33999633789062,3373.429931640625,0.7160000205039978,22.1299991607666
2020-08-14,93.0999984741211,3372.85009765625,0.7089999914169312,22.049999237060547
2020-08-17,92.8499984741211,3381.989990234375,0.6830000281333923,21.350000381469727
2020-08-18,92.2699966430664,3389.780029296875,0.6690000295639038,21.510000228881836
2020-08-19,92.88999938964844,3374.85009765625,0.675000011920929,22.540000915527344
2020-08-20,92.79000091552734,3385.510009765625,0.6439999938011169,22.719999313354492
2020-08-21,93.25,3397.159912109375,0.6399999856948853,22.540000915527344
2020-08-24,93.30000305175781,3431.280029296875,0.6460000276565552,22.3700008392334
2020-08-25,93.0199966430664,3443.6201171875,0.6819999814033508,22.030000686645508
2020-08-26,93.01000213623047,3478.72998046875,0.6869999766349792,23.270000457763672
2020-08-27,93.01000213623047,3484.550048828125,0.7459999918937683,24.469999313354492
2020-08-28,92.37000274658203,3508.010009765625,0.7289999723434448,22.959999084472656
2020-08-31,92.13999938964844,3500.31005859375,0.6930000185966492,26.40999984741211
2020-09-01,92.33999633789062,3526.64990234375,0.671999990940094,26.1200008392334
2020-09-02,92.8499984741211,3580.840087890625,0.6510000228881836,26.56999969482422
2020-09-03,92.73999786376953,3455.06005859375,0.621999979019165,33.599998474121094
2020-09-04,92.72000122070312,3426.9599609375,0.7210000157356262,30.75
2020-09-08,93.4800033569336,3331.840087890625,0.6840000152587891,31.459999084472656
2020-09-09,93.26000213623047,3398.9599609375,0.703000009059906,28.809999465942383
2020-09-10,93.33999633789062,3339.18994140625,0.6850000023841858,29.709999084472656
2020-09-11,93.33000183105469,3340.969970703125,0.6690000295639038,26.8700008392334
2020-09-14,93.06999969482422,3383.5400390625,0.6710000038146973,25.850000381469727
2020-09-15,93.05000305175781,3401.199951171875,0.6790000200271606,25.59000015258789
2020-09-16,93.20999908447266,3385.489990234375,0.6869999766349792,26.040000915527344
2020-09-17,92.97000122070312,3357.010009765625,0.6840000152587891,26.459999084472656
2020-09-18,92.93000030517578,3319.469970703125,0.6940000057220459,25.829999923706055
2020-09-21,93.54000091552734,3281.06005859375,0.6710000038146973,27.780000686645508
2020-09-22,93.98999786376953,3315.570068359375,0.6639999747276306,26.860000610351562
2020-09-23,94.38999938964844,3236.919921875,0.6759999990463257,28.579999923706055
2020-09-24,94.3499984741211,3246.590087890625,0.6660000085830688,28.510000228881836
2020-09-25,94.58000183105469,3298.4599609375,0.6589999794960022,26.3799991607666
2020-09-28,94.26000213623047,3351.60009765625,0.6629999876022339,26.190000534057617
2020-09-29,93.88999938964844,3335.469970703125,0.6449999809265137,26.270000457763672
2020-09-30,93.88999938964844,3363.0,0.6769999861717224,26.3700008392334
2020-10-01,93.70999908447266,3380.800048828125,0.6769999861717224,26.700000762939453
2020-10-02,93.83999633789062,3348.419921875,0.6959999799728394,27.6299991607666
2020-10-05,93.51000213623047,3408.60009765625,0.7620000243186951,27.959999084472656
2020-10-06,93.83000183105469,3360.969970703125,0.7419999837875366,29.479999542236328
2020-10-07,93.62999725341797,3419.43994140625,0.7850000262260437,28.059999465942383
2020-10-08,93.61000061035156,3446.830078125,0.7649999856948853,26.360000610351562
2020-10-09,93.05999755859375,3477.139892578125,0.7749999761581421,25.0
2020-10-12,93.06999969482422,3534.219970703125,0.7770000100135803,25.06999969482422
2020-10-13,93.52999877929688,3511.929931640625,0.7269999980926514,26.06999969482422
2020-10-14,93.37999725341797,3488.669921875,0.722000002861023,26.399999618530273
2020-10-15,93.86000061035156,3483.340087890625,0.7310000061988831,26.969999313354492
2020-10-16,93.68000030517578,3483.81005859375,0.7440000176429749,27.40999984741211
2020-10-19,93.43000030517578,3426.919921875,0.7609999775886536,29.18000030517578
2020-10-20,93.06999969482422,3443.1201171875,0.796999990940094,29.350000381469727
2020-10-21,92.61000061035156,3435.56005859375,0.8159999847412109,28.649999618530273
2020-10-22,92.94999694824219,3453.489990234375,0.8479999899864197,28.110000610351562
2020-10-23,92.7699966430664,3465.389892578125,0.8410000205039978,27.549999237060547
2020-10-26,93.05000305175781,3400.969970703125,0.8009999990463257,32.459999084472656
2020-10-27,92.94000244140625,3390.679931640625,0.777999997138977,33.349998474121094
2020-10-28,93.41000366210938,3271.030029296875,0.781000018119812,40.279998779296875
2020-10-29,93.95999908447266,3310.110107421875,0.8349999785423279,37.59000015258789
2020-10-30,94.04000091552734,3269.9599609375,0.8600000143051147,38.02000045776367
2020-11-02,94.05000305175781,3310.239990234375,0.8489999771118164,37.130001068115234
2020-11-03,93.55000305175781,3369.159912109375,0.8820000290870667,35.54999923706055
2020-11-04,93.41000366210938,3443.43994140625,0.7680000066757202,29.56999969482422
2020-11-05,92.52999877929688,3510.449951171875,0.7760000228881836,27.579999923706055
2020-11-06,92.2300033569336,3509.43994140625,0.8199999928474426,24.860000610351562
2020-11-09,92.7300033569336,3550.5,0.9580000042915344,25.75
2020-11-10,92.75,3545.530029296875,0.972000002861023,24.799999237060547
2020-11-11,93.04000091552734,3572.659912109375,0.9580000042915344,23.450000762939453
2020-11-12,92.95999908447266,3537.010009765625,0.8849999904632568,25.350000381469727
2020-11-13,92.76000213623047,3585.14990234375,0.8930000066757202,23.100000381469727
2020-11-16,92.56999969482422,3626.909912109375,0.906000018119812,22.450000762939453
2020-11-17,92.41999816894531,3609.530029296875,0.871999979019165,22.709999084472656
2020-11-18,92.31999969482422,3567.7900390625,0.8820000290870667,23.84000015258789
2020-11-19,92.29000091552734,3581.8701171875,0.8539999723434448,23.110000610351562
2020-11-20,92.38999938964844,3557.5400390625,0.8289999961853027,23.700000762939453
2020-11-23,92.51000213623047,3577.590087890625,0.8569999933242798,22.65999984741211
2020-11-24,92.2300033569336,3635.409912109375,0.8820000290870667,21.639999389648438
2020-11-25,91.98999786376953,3629.64990234375,0.878000020980835,21.25
2020-11-27,91.79000091552734,3638.35009765625,0.8420000076293945,20.84000015258789
2020-11-30,91.87000274658203,3621.6298828125,0.843999981880188,20.56999969482422
2020-12-01,91.30999755859375,3662.449951171875,0.9340000152587891,20.770000457763672
2020-12-02,91.12000274658203,3669.010009765625,0.9480000138282776,21.170000076293945
2020-12-03,90.70999908447266,3666.719970703125,0.9200000166893005,21.280000686645508
2020-12-04,90.69999694824219,3699.1201171875,0.968999981880188,20.790000915527344
2020-12-07,90.79000091552734,3691.9599609375,0.9279999732971191,21.299999237060547
2020-12-08,90.97000122070312,3702.25,0.9129999876022339,20.68000030517578
2020-12-09,91.08999633789062,3672.820068359375,0.9409999847412109,22.270000457763672
2020-12-10,90.79000091552734,3668.10009765625,0.9079999923706055,22.520000457763672
2020-12-11,90.9800033569336,3663.4599609375,0.8930000066757202,23.309999465942383
2020-12-14,90.70999908447266,3647.489990234375,0.8920000195503235,24.719999313354492
2020-12-15,90.47000122070312,3694.6201171875,0.9229999780654907,22.889999389648438
2020-12-16,90.44999694824219,3701.169921875,0.9200000166893005,22.5
2020-12-17,89.81999969482422,3722.47998046875,0.9300000071525574,21.93000030517578
2020-12-18,90.0199966430664,3709.409912109375,0.9480000138282776,21.56999969482422
2020-12-21,90.04000091552734,3694.919921875,0.9409999847412109,25.15999984741211
2020-12-22,90.6500015258789,3687.260009765625,0.9179999828338623,24.229999542236328
2020-12-23,90.41000366210938,3690.010009765625,0.9549999833106995,23.309999465942383
2020-12-24,90.33000183105469,3703.06005859375,0.9279999732971191,21.530000686645508
2020-12-28,90.33999633789062,3735.360107421875,0.9330000281333923,21.700000762939453
2020-12-29,90.01000213623047,3727.0400390625,0.9350000023841858,23.079999923706055
2020-12-30,89.62999725341797,3732.0400390625,0.9259999990463257,22.770000457763672
2020-12-31,89.94000244140625,3756.070068359375,0.9169999957084656,22.75
2021-01-04,89.87999725341797,3700.64990234375,0.9169999957084656,26.969999313354492
2021-01-05,89.44000244140625,3726.860107421875,0.9549999833106995,25.34000015258789
2021-01-06,89.52999877929688,3748.139892578125,1.0420000553131104,25.06999969482422
2021-01-07,89.83000183105469,3803.7900390625,1.0709999799728394,22.3700008392334
2021-01-08,90.0999984741211,3824.679931640625,1.1050000190734863,21.559999465942383
2021-01-11,90.54000091552734,3799.610107421875,1.1319999694824219,24.079999923706055
2021-01-12,90.05000305175781,3801.18994140625,1.1380000114440918,23.329999923706055
2021-01-13,90.31999969482422,3809.840087890625,1.0880000591278076,22.209999084472656
2021-01-14,90.23999786376953,3795.5400390625,1.128999948501587,23.25
2021-01-15,90.77999877929688,3768.25,1.097000002861023,24.34000015258789
2021-01-19,90.5,3798.909912109375,1.0920000076293945,23.239999771118164
2021-01-20,90.47000122070312,3851.85009765625,1.090000033378601,21.579999923706055
2021-01-21,90.12999725341797,3853.070068359375,1.1089999675750732,21.31999969482422
2021-01-22,90.23999786376953,3841.469970703125,1.090999960899353,21.90999984741211
2021-01-25,90.38999938964844,3855.360107421875,1.0399999618530273,23.190000534057617
2021-01-26,90.16999816894531,3849.6201171875,1.0399999618530273,23.020000457763672
2021-01-27,90.6500015258789,3750.77001953125,1.0140000581741333,37.209999084472656
2021-01-28,90.45999908447266,3787.3798828125,1.0570000410079956,30.209999084472656
2021-01-29,90.58000183105469,3714.239990234375,1.093000054359436,33.09000015258789
2021-02-01,91.0199966430664,3773.860107421875,1.0770000219345093,30.239999771118164
2021-02-02,91.19999694824219,3826.31005859375,1.1050000190734863,25.559999465942383
2021-02-03,91.12000274658203,3830.169921875,1.13100004196167,22.90999984741211
2021-02-04,91.52999877929688,3871.739990234375,1.1390000581741333,21.770000457763672
2021-02-05,91.04000091552734,3886.830078125,1.1699999570846558,20.8700008392334
2021-02-08,90.93000030517578,3915.590087890625,1.159999966621399,21.239999771118164
2021-02-09,90.44000244140625,3911.22998046875,1.156999945640564,21.6299991607666
2021-02-10,90.37000274658203,3909.8798828125,1.1330000162124634,21.989999771118164
2021-02-11,90.41999816894531,3916.3798828125,1.1579999923706055,21.25
2021-02-12,90.4800033569336,3934.830078125,1.2000000476837158,19.969999313354492
2021-02-16,90.51000213623047,3932.590087890625,1.2990000247955322,21.459999084472656
2021-02-17,90.94999694824219,3931.330078125,1.3009999990463257,21.5
2021-02-18,90.58999633789062,3913.969970703125,1.2869999408721924,22.489999771118164
2021-02-19,90.36000061035156,3906.7099609375,1.3450000286102295,22.049999237060547
2021-02-22,90.01000213623047,3876.5,1.3700000047683716,23.450000762939453
2021-02-23,90.16999816894531,3881.3701171875,1.3619999885559082,23.110000610351562
2021-02-24,90.18000030517578,3925.429931640625,1.3890000581741333,21.34000015258789
2021-02-25,90.12999725341797,3829.340087890625,1.5180000066757202,28.889999389648438
2021-02-26,90.93000030517578,3811.14990234375,1.4600000381469727,27.950000762939453
2021-03-01,91.04000091552734,3901.820068359375,1.4459999799728394,23.350000381469727
2021-03-02,90.79000091552734,3870.2900390625,1.4149999618530273,24.100000381469727
2021-03-03,90.94999694824219,3819.719970703125,1.4700000286102295,26.670000076293945
2021-03-04,91.62999725341797,3768.469970703125,1.5499999523162842,28.56999969482422
2021-03-05,91.9800033569336,3841.93994140625,1.5540000200271606,24.65999984741211
2021-03-08,92.30999755859375,3821.35009765625,1.5959999561309814,25.469999313354492
2021-03-09,91.95999908447266,3875.43994140625,1.5460000038146973,24.030000686645508
2021-03-10,91.79000091552734,3898.81005859375,1.5199999809265137,22.559999465942383
2021-03-11,91.41999816894531,3939.340087890625,1.5269999504089355,21.90999984741211
2021-03-12,91.68000030517578,3943.340087890625,1.6349999904632568,20.690000534057617
2021-03-15,91.83000183105469,3968.93994140625,1.6069999933242798,20.030000686645508
2021-03-16,91.87000274658203,3962.7099609375,1.621000051498413,19.790000915527344
2021-03-17,91.4000015258789,3974.1201171875,1.6410000324249268,19.229999542236328
2021-03-18,91.8499984741211,3915.4599609375,1.7300000190734863,21.579999923706055
2021-03-19,91.91999816894531,3913.10009765625,1.7319999933242798,20.950000762939453
2021-03-22,91.80000305175781,3940.590087890625,1.684000015258789,18.8799991607666
2021-03-23,92.33999633789062,3910.52001953125,1.6380000114440918,20.299999237060547
2021-03-24,92.52999877929688,3889.139892578125,1.6139999628067017,21.200000762939453
2021-03-25,92.87999725341797,3909.52001953125,1.6139999628067017,19.809999465942383
2021-03-26,92.7699966430664,3974.5400390625,1.659999966621399,18.860000610351562
2021-03-29,92.94000244140625,3971.090087890625,1.7209999561309814,20.739999771118164
2021-03-30,93.30000305175781,3958.550048828125,1.7259999513626099,19.610000610351562
2021-03-31,93.2300033569336,3972.889892578125,1.746000051498413,19.399999618530273
2021-04-01,92.93000030517578,4019.8701171875,1.6790000200271606,17.329999923706055
2021-04-05,92.5999984741211,4077.909912109375,1.7200000286102295,17.90999984741211
2021-04-06,92.33999633789062,4073.93994140625,1.656000018119812,18.1200008392334
2021-04-07,92.45999908447266,4079.949951171875,1.652999997138977,17.15999984741211
2021-04-08,92.05999755859375,4097.169921875,1.6319999694824219,16.950000762939453
2021-04-09,92.16000366210938,4128.7998046875,1.6660000085830688,16.690000534057617
2021-04-12,92.13999938964844,4127.990234375,1.6749999523162842,16.90999984741211
2021-04-13,91.8499984741211,4141.58984375,1.6230000257492065,16.649999618530273
2021-04-14,91.69000244140625,4124.66015625,1.6380000114440918,16.989999771118164
2021-04-15,91.66999816894531,4170.419921875,1.5299999713897705,16.56999969482422
2021-04-16,91.55999755859375,4185.47021484375,1.5729999542236328,16.25
2021-04-19,91.06999969482422,4163.259765625,1.6009999513626099,17.290000915527344
2021-04-20,91.23999786376953,4134.93994140625,1.562000036239624,18.68000030517578
2021-04-21,91.16000366210938,4173.419921875,1.5640000104904175,17.5
2021-04-22,91.33000183105469,4134.97998046875,1.5540000200271606,18.709999084472656
2021-04-23,90.86000061035156,4180.169921875,1.5670000314712524,17.329999923706055
2021-04-26,90.80999755859375,4187.6201171875,1.5700000524520874,17.639999389648438
2021-04-27,90.91000366210938,4186.72021484375,1.621999979019165,17.559999465942383
2021-04-28,90.61000061035156,4183.18017578125,1.6200000047683716,17.280000686645508
2021-04-29,90.61000061035156,4211.47021484375,1.6399999856948853,17.610000610351562
2021-04-30,91.27999877929688,4181.169921875,1.63100004196167,18.610000610351562
2021-05-03,90.94999694824219,4192.66015625,1.6069999933242798,18.309999465942383
2021-05-04,91.29000091552734,4164.66015625,1.5920000076293945,19.479999542236328
2021-05-05,91.30999755859375,4167.58984375,1.5839999914169312,19.149999618530273
2021-05-06,90.94999694824219,4201.6201171875,1.5609999895095825,18.389999389648438
2021-05-07,90.2300033569336,4232.60009765625,1.5770000219345093,16.690000534057617
2021-05-10,90.20999908447266,4188.43017578125,1.6019999980926514,19.65999984741211
2021-05-11,90.13999938964844,4152.10009765625,1.6239999532699585,21.84000015258789
2021-05-12,90.70999908447266,4063.0400390625,1.6950000524520874,27.59000015258789
2021-05-13,90.75,4112.5,1.6679999828338623,23.1299991607666
2021-05-14,90.31999969482422,4173.85009765625,1.6349999904632568,18.809999465942383
2021-05-17,90.22000122070312,4163.2900390625,1.6399999856948853,19.719999313354492
2021-05-18,89.75,4127.830078125,1.6419999599456787,21.34000015258789
2021-05-19,90.19000244140625,4115.68017578125,1.6829999685287476,22.18000030517578
2021-05-20,89.80999755859375,4159.1201171875,1.6339999437332153,20.670000076293945
2021-05-21,90.0199966430664,4155.85986328125,1.6319999694824219,20.149999618530273
2021-05-24,89.83000183105469,4197.0498046875,1.6080000400543213,18.399999618530273
2021-05-25,89.63999938964844,4188.1298828125,1.5640000104904175,18.84000015258789
2021-05-26,90.04000091552734,4195.990234375,1.5740000009536743,17.360000610351562
2021-05-27,89.97000122070312,4200.8798828125,1.6100000143051147,16.739999771118164
2021-05-28,90.02999877929688,4204.10986328125,1.5809999704360962,16.760000228881836
2021-06-01,89.83000183105469,4202.0400390625,1.6150000095367432,17.899999618530273
2021-06-02,89.9000015258789,4208.1201171875,1.590999960899353,17.479999542236328
2021-06-03,90.5,4192.85009765625,1.625,18.040000915527344
2021-06-04,90.13999938964844,4229.89013671875,1.559999942779541,16.420000076293945
2021-06-07,89.94999694824219,4226.52001953125,1.569000005722046,16.420000076293945
2021-06-08,90.08000183105469,4227.259765625,1.527999997138977,17.06999969482422
2021-06-09,90.12000274658203,4219.5498046875,1.4889999628067017,17.889999389648438
2021-06-10,90.08000183105469,4239.18017578125,1.4589999914169312,16.100000381469727
2021-06-11,90.55999755859375,4247.43994140625,1.4620000123977661,15.649999618530273
2021-06-14,90.5199966430664,4255.14990234375,1.5010000467300415,16.389999389648438
2021-06-15,90.54000091552734,4246.58984375,1.4989999532699585,17.020000457763672
2021-06-16,91.12999725341797,4223.7001953125,1.569000005722046,18.149999618530273
2021-06-17,91.88999938964844,4221.85986328125,1.5110000371932983,17.75
2021-06-18,92.2300033569336,4166.4501953125,1.4500000476837158,20.700000762939453
2021-06-21,91.86000061035156,4224.7900390625,1.4839999675750732,17.889999389648438
2021-06-22,91.7300033569336,4246.43994140625,1.472000002861023,16.65999984741211
2021-06-23,91.80000305175781,4241.83984375,1.4869999885559082,16.31999969482422
2021-06-24,91.81999969482422,4266.490234375,1.4869999885559082,15.970000267028809
2021-06-25,91.80999755859375,4280.7001953125,1.5360000133514404,15.619999885559082
2021-06-28,91.87999725341797,4290.60986328125,1.4780000448226929,15.760000228881836
2021-06-29,92.05000305175781,4291.7998046875,1.4800000190734863,16.020000457763672
2021-06-30,92.44000244140625,4297.5,1.4429999589920044,15.829999923706055
2021-07-01,92.5999984741211,4319.93994140625,1.4800000190734863,15.479999542236328
2021-07-02,92.2300033569336,4352.33984375,1.430999994277954,15.069999694824219
2021-07-06,92.55000305175781,4343.5400390625,1.3700000047683716,16.440000534057617
2021-07-07,92.63999938964844,4358.1298828125,1.3209999799728394,16.200000762939453
2021-07-08,92.36000061035156,4320.81982421875,1.2879999876022339,19.0
2021-07-09,92.12999725341797,4369.5498046875,1.3559999465942383,16.18000030517578
2021-07-12,92.2300033569336,4384.6298828125,1.3630000352859497,16.170000076293945
2021-07-13,92.75,4369.2099609375,1.4149999618530273,17.1200008392334
2021-07-14,92.41000366210938,4374.2998046875,1.3559999465942383,16.329999923706055
2021-07-15,92.62000274658203,4360.02978515625,1.2970000505447388,17.010000228881836
2021-07-16,92.69000244140625,4327.16015625,1.2999999523162842,18.450000762939453
2021-07-19,92.88999938964844,4258.490234375,1.180999994277954,22.5
2021-07-20,92.97000122070312,4323.06005859375,1.2089999914169312,19.729999542236328
2021-07-21,92.75,4358.68994140625,1.2799999713897705,17.90999984741211
2021-07-22,92.81999969482422,4367.47998046875,1.2649999856948853,17.690000534057617
2021-07-23,92.91000366210938,4411.7900390625,1.2860000133514404,17.200000762939453
2021-07-26,92.6500015258789,4422.2998046875,1.2760000228881836,17.579999923706055
2021-07-27,92.43000030517578,4401.4599609375,1.2339999675750732,19.360000610351562
2021-07-28,92.31999969482422,4400.64013671875,1.2610000371932983,18.309999465942383
2021-07-29,91.86000061035156,4419.14990234375,1.2690000534057617,17.700000762939453
2021-07-30,92.16999816894531,4395.259765625,1.2389999628067017,18.239999771118164
2021-08-02,92.05000305175781,4387.16015625,1.1740000247955322,19.459999084472656
2021-08-03,92.08000183105469,4423.14990234375,1.1759999990463257,18.040000915527344
2021-08-04,92.2699966430664,4402.66015625,1.184000015258789,17.969999313354492
2021-08-05,92.23999786376953,4429.10009765625,1.2170000076293945,17.280000686645508
2021-08-06,92.80000305175781,4436.52001953125,1.2899999618530273,16.149999618530273
2021-08-09,92.94999694824219,4432.35009765625,1.3170000314712524,16.719999313354492
2021-08-10,93.05999755859375,4436.75,1.3420000076293945,16.790000915527344
2021-08-11,92.91000366210938,4442.41015625,1.3289999961853027,16.170000076293945
2021-08-12,93.04000091552734,4460.830078125,1.3669999837875366,15.59000015258789
2021-08-13,92.5199966430664,4468.0,1.2970000505447388,15.449999809265137
2021-08-16,92.62999725341797,4479.7099609375,1.2569999694824219,16.1200008392334
2021-08-17,93.12999725341797,4448.080078125,1.2580000162124634,17.90999984741211
2021-08-18,93.13999938964844,4400.27001953125,1.2730000019073486,21.56999969482422
2021-08-19,93.56999969482422,4405.7998046875,1.2419999837875366,21.670000076293945
2021-08-20,93.5,4441.669921875,1.2599999904632568,18.559999465942383
2021-08-23,92.95999908447266,4479.52978515625,1.2549999952316284,17.149999618530273
2021-08-24,92.88999938964844,4486.22998046875,1.2899999618530273,17.219999313354492
2021-08-25,92.83000183105469,4496.18994140625,1.3420000076293945,16.790000915527344
2021-08-26,93.05999755859375,4470.0,1.3420000076293945,18.84000015258789
2021-08-27,92.69000244140625,4509.3701171875,1.312000036239624,16.389999389648438
2021-08-30,92.6500015258789,4528.7900390625,1.284999966621399,16.190000534057617
2021-08-31,92.62999725341797,4522.68017578125,1.3040000200271606,16.479999542236328
2021-09-01,92.44999694824219,4524.08984375,1.3020000457763672,16.110000610351562
2021-09-02,92.2300033569336,4536.9501953125,1.2940000295639038,16.40999984741211
2021-09-03,92.04000091552734,4535.43017578125,1.3220000267028809,16.40999984741211
2021-09-07,92.5199966430664,4520.02978515625,1.3700000047683716,18.139999389648438
2021-09-08,92.6500015258789,4514.06982421875,1.3339999914169312,17.959999084472656
2021-09-09,92.4800033569336,4493.27978515625,1.2990000247955322,18.799999237060547
2021-09-10,92.58000183105469,4458.580078125,1.340999960899353,20.950000762939453
2021-09-13,92.62000274658203,4468.72998046875,1.3240000009536743,19.3700008392334
2021-09-14,92.6500015258789,4443.0498046875,1.2769999504089355,19.459999084472656
2021-09-15,92.48999786376953,4480.7001953125,1.3040000200271606,18.18000030517578
2021-09-16,92.86000061035156,4473.75,1.3309999704360962,18.690000534057617
2021-09-17,93.19999694824219,4432.990234375,1.3700000047683716,20.809999465942383
2021-09-20,93.23999786376953,4357.72998046875,1.309000015258789,25.709999084472656
2021-09-21,93.19999694824219,4354.18994140625,1.3240000009536743,24.360000610351562
2021-09-22,93.45999908447266,4395.64013671875,1.3359999656677246,20.8700008392334
2021-09-23,93.0999984741211,4448.97998046875,1.409999966621399,18.6299991607666
2021-09-24,93.33000183105469,4455.47998046875,1.4600000381469727,17.75
2021-09-27,93.37999725341797,4443.10986328125,1.4839999675750732,18.760000228881836
2021-09-28,93.7699966430664,4352.6298828125,1.534000039100647,23.25
2021-09-29,94.33999633789062,4359.4599609375,1.5410000085830688,22.559999465942383
2021-09-30,94.25,4307.5400390625,1.5290000438690186,23.139999389648438
2021-10-01,94.04000091552734,4357.0400390625,1.4789999723434448,21.100000381469727
2021-10-04,93.80999755859375,4300.4599609375,1.4809999465942383,22.959999084472656
2021-10-05,93.9800033569336,4345.72021484375,1.5290000438690186,21.299999237060547
2021-10-06,94.2699966430664,4363.5498046875,1.5240000486373901,21.0
2021-10-07,94.22000122070312,4399.759765625,1.5709999799728394,19.540000915527344
2021-10-08,94.06999969482422,4391.33984375,1.6050000190734863,18.770000457763672
2021-10-11,94.31999969482422,4361.18994140625,1.6139999628067017,20.0
2021-10-12,94.5199966430664,4350.64990234375,1.5800000429153442,19.850000381469727
2021-10-13,94.08000183105469,4363.7998046875,1.5490000247955322,18.639999389648438
2021-10-14,93.95999908447266,4438.259765625,1.5190000534057617,16.860000610351562
2021-10-15,93.94000244140625,4471.3701171875,1.5759999752044678,16.299999237060547
2021-10-18,93.94999694824219,4486.4599609375,1.5839999914169312,16.309999465942383
2021-10-19,93.79000091552734,4519.6298828125,1.6349999904632568,15.699999809265137
2021-10-20,93.55999755859375,4536.18994140625,1.6360000371932983,15.489999771118164
2021-10-21,93.7699966430664,4549.77978515625,1.6759999990463257,15.010000228881836
2021-10-22,93.61000061035156,4544.89990234375,1.6549999713897705,15.430000305175781
2021-10-25,93.80999755859375,4566.47998046875,1.6349999904632568,15.239999771118164
2021-10-26,93.94999694824219,4574.7900390625,1.61899995803833,15.979999542236328
2021-10-27,93.86000061035156,4551.68017578125,1.5290000438690186,16.979999542236328
2021-10-28,93.3499984741211,4596.419921875,1.5679999589920044,16.530000686645508
2021-10-29,94.12000274658203,4605.3798828125,1.5570000410079956,16.260000228881836
2021-11-01,93.87999725341797,4613.669921875,1.5750000476837158,16.40999984741211
2021-11-02,94.08999633789062,4630.64990234375,1.5490000247955322,16.030000686645508
2021-11-03,93.86000061035156,4660.56982421875,1.5789999961853027,15.100000381469727
2021-11-04,94.3499984741211,4680.06005859375,1.5240000486373901,15.4399995803833
2021-11-05,94.31999969482422,4697.52978515625,1.4529999494552612,16.479999542236328
2021-11-08,94.05000305175781,4701.7001953125,1.496999979019165,17.219999313354492
2021-11-09,93.95999908447266,4685.25,1.4320000410079956,17.780000686645508
2021-11-10,94.8499984741211,4646.7099609375,1.559999942779541,18.729999542236328
2021-11-11,95.18000030517578,4649.27001953125,1.559999942779541,17.65999984741211
2021-11-12,95.12999725341797,4682.85009765625,1.5820000171661377,16.290000915527344
2021-11-15,95.41000366210938,4682.7998046875,1.6230000257492065,16.489999771118164
2021-11-16,95.91999816894531,4700.89990234375,1.6339999437332153,16.3700008392334
2021-11-17,95.83000183105469,4688.669921875,1.6039999723434448,17.110000610351562
2021-11-18,95.54000091552734,4704.5400390625,1.5889999866485596,17.59000015258789
2021-11-19,96.06999969482422,4697.9599609375,1.5360000133514404,17.90999984741211
2021-11-22,96.5,4682.93994140625,1.625,19.170000076293945
2021-11-23,96.48999786376953,4690.7001953125,1.6670000553131104,19.3799991607666
2021-11-24,96.83999633789062,4701.4599609375,1.6449999809265137,18.579999923706055
2021-11-26,96.08999633789062,4594.6201171875,1.4819999933242798,28.6200008392334
2021-11-29,96.33999633789062,4655.27001953125,1.5299999713897705,22.959999084472656
2021-11-30,95.98999786376953,4567.0,1.4429999589920044,27.190000534057617
2021-12-01,96.05000305175781,4513.0400390625,1.434000015258789,31.1200008392334
2021-12-02,96.12999725341797,4577.10009765625,1.4479999542236328,27.950000762939453
2021-12-03,96.12000274658203,4538.43017578125,1.343000054359436,30.670000076293945
2021-12-06,96.29000091552734,4591.669921875,1.434000015258789,27.18000030517578
2021-12-07,96.37000274658203,4686.75,1.4800000190734863,21.889999389648438
2021-12-08,95.88999938964844,4701.2099609375,1.5089999437332153,19.899999618530273
2021-12-09,96.2699966430664,4667.4501953125,1.4869999885559082,21.579999923706055
2021-12-10,96.05000305175781,4712.02001953125,1.4889999628067017,18.690000534057617
2021-12-13,96.31999969482422,4668.97021484375,1.4240000247955322,20.309999465942383
2021-12-14,96.56999969482422,4634.08984375,1.437999963760376,21.889999389648438
2021-12-15,96.51000213623047,4709.85009765625,1.4630000591278076,19.290000915527344
2021-12-16,96.04000091552734,4668.669921875,1.4220000505447388,20.56999969482422
2021-12-17,96.56999969482422,4620.64013671875,1.4019999504089355,21.56999969482422
2021-12-20,96.55000305175781,4568.02001953125,1.4190000295639038,22.8700008392334
2021-12-21,96.48999786376953,4649.22998046875,1.4869999885559082,21.010000228881836
2021-12-22,96.08000183105469,4696.56005859375,1.4570000171661377,18.6299991607666
2021-12-23,96.0199966430664,4725.7900390625,1.4930000305175781,17.959999084472656
2021-12-27,96.08999633789062,4791.18994140625,1.4809999465942383,17.68000030517578
2021-12-28,96.19999694824219,4786.35009765625,1.4809999465942383,17.540000915527344
2021-12-29,95.93000030517578,4793.06005859375,1.5429999828338623,16.950000762939453
2021-12-30,95.97000122070312,4778.72998046875,1.5149999856948853,17.329999923706055
2021-12-31,95.66999816894531,4766.18017578125,1.5119999647140503,17.219999313354492
2022-01-03,96.23999786376953,4796.56005859375,1.628000020980835,16.600000381469727
2022-01-04,96.29000091552734,4793.5400390625,1.6679999828338623,16.90999984741211
2022-01-05,96.19000244140625,4700.580078125,1.7050000429153442,19.729999542236328
2022-01-06,96.25,4696.0498046875,1.7330000400543213,19.610000610351562
2022-01-07,95.73999786376953,4677.02978515625,1.7710000276565552,18.760000228881836
2022-01-10,95.98999786376953,4670.2900390625,1.7799999713897705,19.399999618530273
2022-01-11,95.62000274658203,4713.06982421875,1.746000051498413,18.40999984741211
2022-01-12,95.0,4726.35009765625,1.725000023841858,17.6200008392334
2022-01-13,94.79000091552734,4659.02978515625,1.7109999656677246,20.309999465942383
2022-01-14,95.16999816894531,4662.85009765625,1.7719999551773071,19.190000534057617
2022-01-18,95.7300033569336,4577.10986328125,1.8650000095367432,22.790000915527344
2022-01-19,95.51000213623047,4532.759765625,1.8270000219345093,23.850000381469727
2022-01-20,95.73999786376953,4482.72998046875,1.8329999446868896,25.59000015258789
2022-01-21,95.63999938964844,4397.93994140625,1.746999979019165,28.850000381469727
2022-01-24,95.91999816894531,4410.1298828125,1.7350000143051147,29.899999618530273
2022-01-25,95.94999694824219,4356.4501953125,1.7829999923706055,31.15999984741211
2022-01-26,96.48999786376953,4349.93017578125,1.8480000495910645,31.959999084472656
2022-01-27,97.26000213623047,4326.509765625,1.8070000410079956,30.489999771118164
2022-01-28,97.2699966430664,4431.85009765625,1.781999945640564,27.65999984741211
2022-01-31,96.54000091552734,4515.5498046875,1.781999945640564,24.829999923706055
2022-02-01,96.38999938964844,4546.5400390625,1.7999999523162842,21.959999084472656
2022-02-02,95.94000244140625,4589.3798828125,1.7660000324249268,22.09000015258789
2022-02-03,95.37999725341797,4477.43994140625,1.8270000219345093,24.350000381469727
2022-02-04,95.4800033569336,4500.52978515625,1.9299999475479126,23.219999313354492
2022-02-07,95.4000015258789,4483.8701171875,1.9160000085830688,22.860000610351562
2022-02-08,95.63999938964844,4521.5400390625,1.9539999961853027,21.440000534057617
2022-02-09,95.48999786376953,4587.18017578125,1.9290000200271606,19.959999084472656
2022-02-10,95.55000305175781,4504.080078125,2.0309998989105225,23.90999984741211
2022-02-11,96.08000183105469,4418.64013671875,1.9550000429153442,27.360000610351562
2022-02-14,96.37000274658203,4401.669921875,1.996000051498413,28.329999923706055
2022-02-15,95.98999786376953,4471.06982421875,2.0450000762939453,25.700000762939453
2022-02-16,95.69999694824219,4475.009765625,2.046999931335449,24.290000915527344
2022-02-17,95.80000305175781,4380.259765625,1.972000002861023,28.110000610351562
2022-02-18,96.04000091552734,4348.8701171875,1.9320000410079956,27.75
2022-02-22,96.02999877929688,4304.759765625,1.9479999542236328,28.809999465942383
2022-02-23,96.19000244140625,4225.5,1.9769999980926514,31.020000457763672
2022-02-24,97.13999938964844,4288.7001953125,1.968999981880188,30.31999969482422
2022-02-25,96.62000274658203,4384.64990234375,1.9859999418258667,27.59000015258789
2022-02-28,96.70999908447266,4373.93994140625,1.8389999866485596,30.149999618530273
2022-03-01,97.41000366210938,4306.259765625,1.7070000171661377,33.31999969482422
2022-03-02,97.38999938964844,4386.5400390625,1.8650000095367432,30.739999771118164
2022-03-03,97.79000091552734,4363.490234375,1.843999981880188,30.479999542236328
2022-03-04,98.6500015258789,4328.8701171875,1.7239999771118164,31.979999542236328
2022-03-07,99.29000091552734,4201.08984375,1.7510000467300415,36.45000076293945
2022-03-08,99.05999755859375,4170.7001953125,1.871999979019165,35.130001068115234
2022-03-09,97.97000122070312,4277.8798828125,1.9479999542236328,32.45000076293945
2022-03-10,98.51000213623047,4259.52001953125,2.010999917984009,30.229999542236328
2022-03-11,99.12000274658203,4204.31005859375,2.003999948501587,30.75
2022-03-14,99.05999755859375,4173.10986328125,2.140000104904175,31.770000457763672
2022-03-15,99.06999969482422,4262.4501953125,2.1600000858306885,29.829999923706055
2022-03-16,98.37999725341797,4357.85986328125,2.187999963760376,26.670000076293945
2022-03-17,98.01000213623047,4411.669921875,2.191999912261963,25.670000076293945
2022-03-18,98.2300033569336,4463.1201171875,2.1480000019073486,23.8700008392334
2022-03-21,98.5,4461.18017578125,2.315000057220459,23.530000686645508
2022-03-22,98.48999786376953,4511.60986328125,2.372999906539917,22.940000534057617
2022-03-23,98.62000274658203,4456.240234375,2.321000099182129,23.56999969482422
2022-03-24,98.79000091552734,4520.16015625,2.3410000801086426,21.670000076293945
2022-03-25,98.80999755859375,4543.06005859375,2.492000102996826,20.809999465942383
2022-03-28,99.08999633789062,4575.52001953125,2.4769999980926514,19.6299991607666
2022-03-29,98.4000015258789,4631.60009765625,2.4000000953674316,18.899999618530273
2022-03-30,97.79000091552734,4602.4501953125,2.3580000400543213,19.329999923706055
2022-03-31,98.30999755859375,4530.41015625,2.3269999027252197,20.559999465942383
2022-04-01,98.62999725341797,4545.85986328125,2.377000093460083,19.6299991607666
2022-04-04,98.98999786376953,4582.64013671875,2.4119999408721924,18.56999969482422
2022-04-05,99.47000122070312,4525.1201171875,2.555999994277954,21.030000686645508
2022-04-06,99.5999984741211,4481.14990234375,2.6089999675750732,22.100000381469727
2022-04-07,99.75,4500.2099609375,2.6519999504089355,21.549999237060547
2022-04-08,99.80000305175781,4488.27978515625,2.7130000591278076,21.15999984741211
2022-04-11,99.93000030517578,4412.52978515625,2.7799999713897705,24.3700008392334
2022-04-12,100.29000091552734,4397.4501953125,2.7249999046325684,24.260000228881836
2022-04-13,99.87999725341797,4446.58984375,2.687000036239624,21.81999969482422
2022-04-14,100.31999969482422,4392.58984375,2.828000068664551,22.700000762939453
2022-04-18,100.77999877929688,4391.68994140625,2.861999988555908,22.170000076293945
2022-04-19,100.95999908447266,4462.2099609375,2.9130001068115234,21.3700008392334
2022-04-20,100.38999938964844,4459.4501953125,2.8399999141693115,20.31999969482422
2022-04-21,100.58000183105469,4393.66015625,2.9170000553131104,22.68000030517578
2022-04-22,101.22000122070312,4271.77978515625,2.9059998989105225,28.209999084472656
2022-04-25,101.75,4296.1201171875,2.8259999752044678,27.020000457763672
2022-04-26,102.30000305175781,4175.2001953125,2.7720000743865967,33.52000045776367
2022-04-27,102.94999694824219,4183.9599609375,2.818000078201294,31.600000381469727
2022-04-28,103.62000274658203,4287.5,2.86299991607666,29.989999771118164
2022-04-29,102.95999908447266,4131.93017578125,2.88700008392334,33.400001525878906
2022-05-02,103.73999786376953,4155.3798828125,2.996000051498413,32.34000015258789
2022-05-03,103.47000122070312,4175.47998046875,2.9600000381469727,29.25
2022-05-04,102.58999633789062,4300.169921875,2.9170000553131104,25.420000076293945
2022-05-05,103.75,4146.8701171875,3.065999984741211,31.200000762939453
2022-05-06,103.66000366210938,4123.33984375,3.122999906539917,30.190000534057617
2022-05-09,103.6500015258789,3991.239990234375,3.0789999961853027,34.75
2022-05-10,103.91999816894531,4001.050048828125,2.993000030517578,32.9900016784668
2022-05-11,103.8499984741211,3935.179931640625,2.9210000038146973,32.560001373291016
2022-05-12,104.8499984741211,3930.080078125,2.816999912261963,31.770000457763672
2022-05-13,104.55999755859375,4023.889892578125,2.934999942779541,28.8700008392334
2022-05-16,104.19000244140625,4008.010009765625,2.877000093460083,27.469999313354492
2022-05-17,103.36000061035156,4088.85009765625,2.9679999351501465,26.100000381469727
2022-05-18,103.80999755859375,3923.679931640625,2.885999917984009,30.959999084472656
2022-05-19,102.72000122070312,3900.7900390625,2.8550000190734863,29.350000381469727
2022-05-20,103.1500015258789,3901.360107421875,2.7869999408721924,29.43000030517578
2022-05-23,102.08000183105469,3973.75,2.8589999675750732,28.479999542236328
2022-05-24,101.86000061035156,3941.47998046875,2.759999990463257,29.450000762939453
2022-05-25,102.05999755859375,3978.72998046875,2.749000072479248,28.3700008392334
2022-05-26,101.83000183105469,4057.840087890625,2.75600004196167,27.5
2022-05-27,101.66999816894531,4158.240234375,2.743000030517578,25.719999313354492
2022-05-31,101.75,4132.14990234375,2.8440001010894775,26.190000534057617
2022-06-01,102.55000305175781,4101.22998046875,2.930999994277954,25.690000534057617
2022-06-02,101.7699966430664,4176.81982421875,2.9130001068115234,24.719999313354492
2022-06-03,102.13999938964844,4108.5400390625,2.9570000171661377,24.790000915527344
2022-06-06,102.44000244140625,4121.43017578125,3.0380001068115234,25.06999969482422
2022-06-07,102.31999969482422,4160.68017578125,2.9719998836517334,24.020000457763672
2022-06-08,102.54000091552734,4115.77001953125,3.0290000438690186,23.959999084472656
2022-06-09,103.22000122070312,4017.820068359375,3.0439999103546143,26.09000015258789
2022-06-10,104.1500015258789,3900.860107421875,3.1559998989105225,27.75
2022-06-13,105.08000183105469,3749.6298828125,3.365999937057495,34.02000045776367
2022-06-14,105.5199966430664,3735.47998046875,3.4830000400543213,32.689998626708984
2022-06-15,105.16000366210938,3789.989990234375,3.3949999809265137,29.6200008392334
2022-06-16,103.62999725341797,3666.77001953125,3.306999921798706,32.95000076293945
2022-06-17,104.69999694824219,3674.840087890625,3.239000082015991,31.1299991607666
2022-06-21,104.44000244140625,3764.7900390625,3.306999921798706,30.190000534057617
2022-06-22,104.19999694824219,3759.889892578125,3.1559998989105225,28.950000762939453
2022-06-23,104.43000030517578,3795.72998046875,3.068000078201294,29.049999237060547
2022-06-24,104.19000244140625,3911.739990234375,3.125,27.229999542236328
2022-06-27,103.94000244140625,3900.110107421875,3.194000005722046,26.950000762939453
2022-06-28,104.51000213623047,3821.550048828125,3.2060000896453857,28.360000610351562
2022-06-29,105.11000061035156,3818.830078125,3.0929999351501465,28.15999984741211
2022-06-30,104.69000244140625,3785.3798828125,2.9719998836517334,28.709999084472656
2022-07-01,105.13999938964844,3825.330078125,2.8889999389648438,26.700000762939453
2022-07-05,106.5,3831.389892578125,2.809000015258789,27.540000915527344
2022-07-06,107.0999984741211,3845.080078125,2.9130001068115234,26.729999542236328
2022-07-07,107.12999725341797,3902.6201171875,3.007999897003174,26.079999923706055
2022-07-08,107.01000213623047,3899.3798828125,3.1010000705718994,24.639999389648438
2022-07-11,108.0199966430664,3854.429931640625,2.990999937057495,26.170000076293945
2022-07-12,108.06999969482422,3818.800048828125,2.9579999446868896,27.290000915527344
2022-07-13,107.95999908447266,3801.780029296875,2.9040000438690186,26.81999969482422
2022-07-14,108.54000091552734,3790.3798828125,2.9600000381469727,26.399999618530273
2022-07-15,108.05999755859375,3863.159912109375,2.930000066757202,24.229999542236328
2022-07-18,107.37000274658203,3830.85009765625,2.9600000381469727,25.299999237060547
2022-07-19,106.68000030517578,3936.68994140625,3.0190000534057617,24.5
2022-07-20,107.08000183105469,3959.89990234375,3.0360000133514404,23.8799991607666
2022-07-21,106.91000366210938,3998.949951171875,2.9100000858306885,23.110000610351562
2022-07-22,106.7300033569336,3961.6298828125,2.7829999923706055,23.030000686645508
2022-07-25,106.4800033569336,3966.840087890625,2.819999933242798,23.360000610351562
2022-07-26,107.19000244140625,3921.050048828125,2.7869999408721924,24.690000534057617
2022-07-27,106.44999694824219,4023.610107421875,2.7339999675750732,23.239999771118164
2022-07-28,106.3499984741211,4072.429931640625,2.680999994277954,22.329999923706055
2022-07-29,105.9000015258789,4130.2900390625,2.6419999599456787,21.329999923706055
2022-08-01,105.44999694824219,4118.6298828125,2.6059999465942383,22.84000015258789
2022-08-02,106.23999786376953,4091.18994140625,2.740999937057495,23.93000030517578
2022-08-03,106.51000213623047,4155.169921875,2.747999906539917,21.950000762939453
2022-08-04,105.69000244140625,4151.93994140625,2.6760001182556152,21.440000534057617
2022-08-05,106.62000274658203,4145.18994140625,2.8399999141693115,21.149999618530273
2022-08-08,106.44000244140625,4140.06005859375,2.765000104904175,21.290000915527344
2022-08-09,106.37000274658203,4122.47021484375,2.796999931335449,21.770000457763672
2022-08-10,105.19999694824219,4210.240234375,2.7860000133514404,19.739999771118164
2022-08-11,105.08999633789062,4207.27001953125,2.888000011444092,20.200000762939453
2022-08-12,105.62999725341797,4280.14990234375,2.8489999771118164,19.530000686645508
2022-08-15,106.55000305175781,4297.14013671875,2.7909998893737793,19.950000762939453
2022-08-16,106.5,4305.2001953125,2.8239998817443848,19.690000534057617
2022-08-17,106.56999969482422,4274.0400390625,2.8929998874664307,19.899999618530273
2022-08-18,107.4800033569336,4283.740234375,2.880000114440918,19.559999465942383
2022-08-19,108.16999816894531,4228.47998046875,2.989000082015991,20.600000381469727
2022-08-22,109.05000305175781,4137.990234375,3.0369999408721924,23.799999237060547
2022-08-23,108.62000274658203,4128.72998046875,3.053999900817871,24.110000610351562
2022-08-24,108.68000030517578,4140.77001953125,3.1059999465942383,22.81999969482422
2022-08-25,108.47000122070312,4199.1201171875,3.0260000228881836,21.780000686645508
2022-08-26,108.80000305175781,4057.659912109375,3.0350000858306885,25.559999465942383
2022-08-29,108.83999633789062,4030.610107421875,3.109999895095825,26.209999084472656
2022-08-30,108.7699966430664,3986.159912109375,3.109999895095825,26.209999084472656
2022-08-31,108.69999694824219,3955.0,3.132999897003174,25.8700008392334
2022-09-01,109.69000244140625,3966.85009765625,3.265000104904175,25.559999465942383
2022-09-02,109.52999877929688,3924.260009765625,3.193000078201294,25.469999313354492
2022-09-06,110.20999908447266,3908.18994140625,3.3399999141693115,26.90999984741211
2022-09-07,109.83999633789062,3979.8701171875,3.265000104904175,24.639999389648438
2022-09-08,109.70999908447266,4006.179931640625,3.2920000553131104,23.610000610351562
2022-09-09,109.0,4067.360107421875,3.321000099182129,22.790000915527344
2022-09-12,108.33000183105469,4110.41015625,3.361999988555908,23.8700008392334
2022-09-13,109.81999969482422,3932.68994140625,3.421999931335449,27.270000457763672
2022-09-14,109.66000366210938,3946.010009765625,3.4119999408721924,26.15999984741211
2022-09-15,109.73999786376953,3901.35009765625,3.4590001106262207,26.270000457763672
2022-09-16,109.76000213623047,3873.330078125,3.447999954223633,26.299999237060547
2022-09-19,109.73999786376953,3899.889892578125,3.490000009536743,25.760000228881836
2022-09-20,110.22000122070312,3855.929931640625,3.571000099182129,27.15999984741211
2022-09-21,110.63999938964844,3789.929931640625,3.509999990463257,27.989999771118164
2022-09-22,111.3499984741211,3757.989990234375,3.7079999446868896,27.350000381469727
2022-09-23,113.19000244140625,3693.22998046875,3.697000026702881,29.920000076293945
2022-09-26,114.0999984741211,3655.0400390625,3.878000020980835,32.2599983215332
2022-09-27,114.11000061035156,3647.2900390625,3.9639999866485596,32.599998474121094
2022-09-28,112.5999984741211,3719.0400390625,3.7049999237060547,30.18000030517578
2022-09-29,112.25,3640.469970703125,3.746999979019165,31.84000015258789
2022-09-30,112.12000274658203,3585.6201171875,3.803999900817871,31.6200008392334
2022-10-03,111.75,3678.429931640625,3.6510000228881836,30.100000381469727
2022-10-04,110.06999969482422,3790.929931640625,3.617000102996826,29.06999969482422
2022-10-05,111.06999969482422,3783.280029296875,3.759000062942505,28.549999237060547
2022-10-06,112.26000213623047,3744.52001953125,3.8259999752044678,30.520000457763672
2022-10-07,112.80000305175781,3639.659912109375,3.882999897003174,31.360000610351562
2022-10-10,113.13999938964844,3612.389892578125,3.888000011444092,32.45000076293945
2022-10-11,113.22000122070312,3588.840087890625,3.938999891281128,33.630001068115234
2022-10-12,113.31999969482422,3577.030029296875,3.9019999504089355,33.56999969482422
2022-10-13,112.36000061035156,3669.909912109375,3.9519999027252197,31.940000534057617
2022-10-14,113.30999755859375,3583.070068359375,4.010000228881836,32.02000045776367
2022-10-17,112.04000091552734,3677.949951171875,4.014999866485596,31.3700008392334
2022-10-18,112.12999725341797,3719.97998046875,3.997999906539917,30.5
2022-10-19,112.9800033569336,3695.159912109375,4.126999855041504,30.760000228881836
2022-10-20,112.87999725341797,3665.780029296875,4.22599983215332,29.979999542236328
2022-10-21,112.01000213623047,3752.75,4.2129998207092285,29.690000534057617
2022-10-24,111.98999786376953,3797.340087890625,4.234000205993652,29.850000381469727
2022-10-25,110.94999694824219,3859.110107421875,4.107999801635742,28.459999084472656
2022-10-26,109.69999694824219,3830.60009765625,4.014999866485596,27.280000686645508
2022-10-27,110.58999633789062,3807.300048828125,3.937000036239624,27.389999389648438
2022-10-28,110.66999816894531,3901.06005859375,4.010000228881836,25.75
2022-10-31,111.52999877929688,3871.97998046875,4.077000141143799,25.8799991607666
2022-11-01,111.4800033569336,3856.10009765625,4.052000045776367,25.809999465942383
2022-11-02,111.3499984741211,3759.68994140625,4.059000015258789,25.860000610351562
2022-11-03,112.93000030517578,3719.889892578125,4.124000072479248,25.299999237060547
2022-11-04,110.87999725341797,3770.550048828125,4.156000137329102,24.549999237060547
2022-11-07,110.12000274658203,3806.800048828125,4.214000225067139,24.350000381469727
2022-11-08,109.62000274658203,3828.110107421875,4.125999927520752,25.540000915527344
2022-11-09,110.55000305175781,3748.570068359375,4.151000022888184,26.09000015258789
2022-11-10,108.20999908447266,3956.3701171875,3.8289999961853027,23.530000686645508
2022-11-11,106.29000091552734,3992.929931640625,3.812999963760376,22.520000457763672
2022-11-14,106.66000366210938,3957.25,3.865000009536743,23.729999542236328
2022-11-15,106.4000015258789,3991.72998046875,3.7990000247955322,24.540000915527344
2022-11-16,106.27999877929688,3958.7900390625,3.691999912261963,24.110000610351562
2022-11-17,106.69000244140625,3946.56005859375,3.7750000953674316,23.93000030517578
2022-11-18,106.93000030517578,3965.340087890625,3.818000078201294,23.1200008392334
2022-11-21,107.83999633789062,3949.93994140625,3.825000047683716,22.360000610351562
2022-11-22,107.22000122070312,4003.580078125,3.757999897003174,21.290000915527344
2022-11-23,106.08000183105469,4027.260009765625,3.7060000896453857,20.350000381469727
2022-11-25,105.95999908447266,4026.1201171875,3.690999984741211,20.5
2022-11-28,106.68000030517578,3963.93994140625,3.703000068664551,22.209999084472656
2022-11-29,106.81999969482422,3957.6298828125,3.747999906539917,21.889999389648438
2022-11-30,105.94999694824219,4080.110107421875,3.703000068664551,20.579999923706055
2022-12-01,104.7300033569336,4076.570068359375,3.5290000438690186,19.84000015258789
2022-12-02,104.55000305175781,4071.699951171875,3.50600004196167,19.059999465942383
2022-12-05,105.29000091552734,3998.840087890625,3.5989999771118164,20.75
2022-12-06,105.58000183105469,3941.260009765625,3.513000011444092,22.170000076293945
2022-12-07,105.0999984741211,3933.919921875,3.4079999923706055,22.68000030517578
2022-12-08,104.7699966430664,3963.510009765625,3.490999937057495,22.290000915527344
2022-12-09,104.80999755859375,3934.3798828125,3.566999912261963,22.829999923706055
2022-12-12,105.12999725341797,3990.56005859375,3.6110000610351562,25.0
2022-12-13,103.9800033569336,4019.64990234375,3.500999927520752,22.549999237060547
2022-12-14,103.7699966430664,3995.320068359375,3.503000020980835,21.139999389648438
2022-12-15,104.55999755859375,3895.75,3.450000047683716,22.829999923706055
2022-12-16,104.69999694824219,3852.360107421875,3.4820001125335693,22.6200008392334
2022-12-19,104.72000122070312,3817.659912109375,3.5810000896453857,22.420000076293945
2022-12-20,103.97000122070312,3821.6201171875,3.684000015258789,21.479999542236328
2022-12-21,104.16000366210938,3878.43994140625,3.684000015258789,20.06999969482422
2022-12-22,104.43000030517578,3822.389892578125,3.6689999103546143,21.969999313354492
2022-12-23,104.30999755859375,3844.820068359375,3.750999927520752,20.8700008392334
2022-12-27,104.18000030517578,3829.25,3.859999895095825,21.649999618530273
2022-12-28,104.45999908447266,3783.219970703125,3.88700008392334,22.139999389648438
2022-12-29,103.83999633789062,3849.280029296875,3.8350000381469727,21.440000534057617
2022-12-30,103.5199966430664,3839.5,3.878999948501587,21.670000076293945
2023-01-03,104.5199966430664,3824.139892578125,3.7929999828338623,22.899999618530273
2023-01-04,104.25,3852.969970703125,3.7090001106262207,22.010000228881836
2023-01-05,105.04000091552734,3808.10009765625,3.7200000286102295,22.459999084472656
2023-01-06,103.87999725341797,3895.080078125,3.569000005722046,21.1299991607666
2023-01-09,103.0,3892.090087890625,3.5169999599456787,21.969999313354492
2023-01-10,103.23999786376953,3919.25,3.621000051498413,20.579999923706055
2023-01-11,103.19000244140625,3969.610107421875,3.553999900817871,21.09000015258789
2023-01-12,102.25,3983.169921875,3.4489998817443848,18.829999923706055
2023-01-13,102.19999694824219,3999.090087890625,3.510999917984009,18.350000381469727
2023-01-17,102.38999938964844,3990.969970703125,3.5350000858306885,19.360000610351562
2023-01-18,102.36000061035156,3928.860107421875,3.375,20.34000015258789
2023-01-19,102.05999755859375,3898.85009765625,3.3970000743865967,20.520000457763672
2023-01-20,102.01000213623047,3972.610107421875,3.4839999675750732,19.850000381469727
2023-01-23,102.13999938964844,4019.81005859375,3.5250000953674316,19.809999465942383
2023-01-24,101.91999816894531,4016.949951171875,3.4690001010894775,19.200000762939453
2023-01-25,101.63999938964844,4016.219970703125,3.4619998931884766,19.079999923706055
2023-01-26,101.83999633789062,4060.429931640625,3.493000030517578,18.729999542236328
2023-01-27,101.93000030517578,4070.56005859375,3.5179998874664307,18.510000228881836
2023-01-30,102.27999877929688,4017.77001953125,3.5510001182556152,19.940000534057617
2023-01-31,102.0999984741211,4076.60009765625,3.5290000438690186,19.399999618530273
2023-02-01,101.22000122070312,4119.2099609375,3.3970000743865967,17.8700008392334
2023-02-02,101.75,4179.759765625,3.3959999084472656,18.729999542236328
2023-02-03,102.91999816894531,4136.47998046875,3.5320000648498535,18.329999923706055
2023-02-06,103.62000274658203,4111.080078125,3.634000062942505,19.43000030517578
2023-02-07,103.43000030517578,4164.0,3.6740000247955322,18.65999984741211
2023-02-08,103.41000366210938,4117.85986328125,3.6530001163482666,19.6299991607666
2023-02-09,103.22000122070312,4081.5,3.683000087738037,20.709999084472656
2023-02-10,103.62999725341797,4090.4599609375,3.74399995803833,20.530000686645508
2023-02-13,103.3499984741211,4137.2900390625,3.7170000076293945,20.34000015258789
2023-02-14,103.2300033569336,4136.1298828125,3.760999917984009,18.90999984741211
2023-02-15,103.91999816894531,4147.60009765625,3.809000015258789,18.229999542236328
2023-02-16,103.86000061035156,4090.409912109375,3.8429999351501465,20.170000076293945
2023-02-17,103.86000061035156,4079.090087890625,3.828000068664551,20.020000457763672
2023-02-21,104.18000030517578,3997.340087890625,3.9549999237060547,22.8700008392334
2023-02-22,104.58999633789062,3991.050048828125,3.9230000972747803,22.290000915527344
2023-02-23,104.5999984741211,4012.320068359375,3.878999948501587,21.139999389648438
2023-02-24,105.20999908447266,3970.0400390625,3.9489998817443848,21.670000076293945
2023-02-27,104.66999816894531,3982.239990234375,3.921999931335449,20.950000762939453
2023-02-28,104.87000274658203,3970.14990234375,3.9159998893737793,20.700000762939453
2023-03-01,104.4800033569336,3951.389892578125,3.99399995803833,20.579999923706055
2023-03-02,105.02999877929688,3981.35009765625,4.072999954223633,19.59000015258789
2023-03-03,104.5199966430664,4045.639892578125,3.9639999866485596,18.489999771118164
2023-03-06,104.3499984741211,4048.419921875,3.9830000400543213,18.610000610351562
2023-03-07,105.62000274658203,3986.3701171875,3.9749999046325684,19.59000015258789
2023-03-08,105.66000366210938,3992.010009765625,3.9760000705718994,19.110000610351562
2023-03-09,105.30999755859375,3918.320068359375,3.924999952316284,22.610000610351562
2023-03-10,104.58000183105469,3861.590087890625,3.694999933242798,24.799999237060547
2023-03-13,103.5999984741211,3855.760009765625,3.515000104904175,26.520000457763672
2023-03-14,103.5999984741211,3919.2900390625,3.638000011444092,23.729999542236328
2023-03-15,104.6500015258789,3891.929931640625,3.492000102996826,26.139999389648438
2023-03-16,104.41999816894531,3960.280029296875,3.5850000381469727,22.989999771118164
2023-03-17,103.70999908447266,3916.639892578125,3.3949999809265137,25.510000228881836
2023-03-20,103.27999877929688,3951.570068359375,3.4809999465942383,24.149999618530273
2023-03-21,103.26000213623047,4002.8701171875,3.6059999465942383,21.3799991607666
2023-03-22,102.3499984741211,3936.969970703125,3.5,22.260000228881836
2023-03-23,102.52999877929688,3948.719970703125,3.4059998989105225,22.610000610351562
2023-03-24,103.12000274658203,3970.989990234375,3.380000114440918,21.739999771118164
2023-03-27,102.86000061035156,3977.530029296875,3.5280001163482666,20.600000381469727
2023-03-28,102.43000030517578,3971.27001953125,3.563999891281128,19.969999313354492
2023-03-29,102.63999938964844,4027.81005859375,3.565999984741211,19.1200008392334
2023-03-30,102.13999938964844,4050.830078125,3.5510001182556152,19.020000457763672
2023-03-31,102.51000213623047,4109.31005859375,3.49399995803833,18.700000762939453
2023-04-03,102.08999633789062,4124.509765625,3.430000066757202,18.549999237060547
2023-04-04,101.58999633789062,4100.60009765625,3.3369998931884766,19.0
2023-04-05,101.8499984741211,4090.3798828125,3.2869999408721924,19.079999923706055
2023-04-06,101.81999969482422,4105.02001953125,3.2880001068115234,18.399999618530273
2023-04-10,102.58000183105469,4109.10986328125,3.4149999618530273,18.969999313354492
2023-04-11,102.19999694824219,4108.93994140625,3.434000015258789,19.100000381469727
2023-04-12,101.5,4091.949951171875,3.4210000038146973,19.09000015258789
2023-04-13,101.01000213623047,4146.22021484375,3.4519999027252197,17.799999237060547
2023-04-14,101.55000305175781,4137.64013671875,3.5220000743865967,17.06999969482422
2023-04-17,102.0999984741211,4151.31982421875,3.5910000801086426,16.950000762939453
2023-04-18,101.75,4154.8701171875,3.572000026702881,16.829999923706055
2023-04-19,101.97000122070312,4154.52001953125,3.6019999980926514,16.459999084472656
2023-04-20,101.83999633789062,4129.7900390625,3.5450000762939453,17.170000076293945
2023-04-21,101.81999969482422,4133.52001953125,3.569999933242798,16.770000457763672
2023-04-24,101.3499984741211,4137.0400390625,3.515000104904175,16.889999389648438
2023-04-25,101.86000061035156,4071.6298828125,3.3959999084472656,18.760000228881836
2023-04-26,101.47000122070312,4055.989990234375,3.431999921798706,18.84000015258789
2023-04-27,101.5,4135.35009765625,3.5280001163482666,17.030000686645508
2023-04-28,101.66999816894531,4169.47998046875,3.4519999027252197,15.779999732971191
2023-05-01,102.1500015258789,4167.8701171875,3.5739998817443848,16.079999923706055
2023-05-02,101.95999908447266,4119.580078125,3.438999891281128,17.780000686645508
2023-05-03,101.33999633789062,4090.75,3.4030001163482666,18.34000015258789
2023-05-04,101.4000015258789,4061.219970703125,3.3510000705718994,20.09000015258789
2023-05-05,101.20999908447266,4136.25,3.446000099182129,17.190000534057617
2023-05-08,101.37000274658203,4138.1201171875,3.5209999084472656,16.979999542236328
2023-05-09,101.63999938964844,4119.169921875,3.5209999084472656,17.709999084472656
2023-05-10,101.4800033569336,4137.64013671875,3.438999891281128,16.940000534057617
2023-05-11,102.05999755859375,4130.6201171875,3.3970000743865967,16.93000030517578
2023-05-12,102.68000030517578,4124.080078125,3.4630000591278076,17.030000686645508
2023-05-15,102.43000030517578,4136.27978515625,3.507999897003174,17.1200008392334
2023-05-16,102.55999755859375,4109.89990234375,3.5490000247955322,17.989999771118164
2023-05-17,102.87999725341797,4158.77001953125,3.5810000896453857,16.8700008392334
2023-05-18,103.58000183105469,4198.0498046875,3.6480000019073486,16.049999237060547
2023-05-19,103.19999694824219,4191.97998046875,3.691999912261963,16.809999465942383
2023-05-22,103.19999694824219,4192.6298828125,3.7190001010894775,17.209999084472656
2023-05-23,103.48999786376953,4145.580078125,3.697999954223633,18.530000686645508
2023-05-24,103.88999938964844,4115.240234375,3.7190001010894775,20.030000686645508
2023-05-25,104.20999908447266,4151.27978515625,3.813999891281128,19.139999389648438
2023-05-26,104.20999908447266,4205.4501953125,3.809999942779541,17.950000762939453
2023-05-30,104.16999816894531,4205.52001953125,3.700000047683716,17.459999084472656
2023-05-31,104.31999969482422,4179.830078125,3.63700008392334,17.940000534057617
2023-06-01,103.55999755859375,4221.02001953125,3.6080000400543213,15.649999618530273
2023-06-02,104.0199966430664,4282.3701171875,3.690999984741211,14.600000381469727
2023-06-05,104.0,4273.7900390625,3.693000078201294,14.729999542236328
2023-06-06,104.12999725341797,4283.85009765625,3.6989998817443848,13.960000038146973
2023-06-07,104.0999984741211,4267.52001953125,3.7839999198913574,13.9399995803833
2023-06-08,103.33999633789062,4293.93017578125,3.7139999866485596,13.649999618530273
2023-06-09,103.55999755859375,4298.85986328125,3.744999885559082,13.829999923706055
2023-06-12,103.62999725341797,4338.93017578125,3.765000104904175,15.010000228881836
2023-06-13,103.33999633789062,4369.009765625,3.8389999866485596,14.609999656677246
2023-06-14,103.01000213623047,4372.58984375,3.7960000038146973,13.880000114440918
2023-06-15,102.12000274658203,4425.83984375,3.7279999256134033,14.5
2023-06-16,102.30000305175781,4409.58984375,3.7690000534057617,13.539999961853027
2023-06-20,102.54000091552734,4388.7099609375,3.7290000915527344,13.880000114440918
2023-06-21,102.06999969482422,4365.68994140625,3.7230000495910645,13.199999809265137
2023-06-22,102.38999938964844,4381.89013671875,3.7990000247955322,12.90999984741211
2023-06-23,102.9000015258789,4348.330078125,3.739000082015991,13.4399995803833
2023-06-26,102.69000244140625,4328.81982421875,3.7190001010894775,14.25
2023-06-27,102.48999786376953,4378.41015625,3.7679998874664307,13.739999771118164
2023-06-28,102.91000366210938,4376.85986328125,3.7100000381469727,13.430000305175781
2023-06-29,103.33999633789062,4396.43994140625,3.8540000915527344,13.539999961853027
2023-06-30,102.91000366210938,4450.3798828125,3.819000005722046,13.59000015258789
2023-07-03,102.98999786376953,4455.58984375,3.8580000400543213,13.569999694824219
2023-07-05,103.37000274658203,4446.81982421875,3.944999933242798,14.180000305175781
2023-07-06,103.16999816894531,4411.58984375,4.040999889373779,15.4399995803833
2023-07-07,102.2699966430664,4398.9501953125,4.050000190734863,14.829999923706055
2023-07-10,101.97000122070312,4409.52978515625,4.00600004196167,15.069999694824219
2023-07-11,101.7300033569336,4439.259765625,3.9800000190734863,14.84000015258789
2023-07-12,100.5199966430664,4472.16015625,3.8610000610351562,13.539999961853027
2023-07-13,99.7699966430664,4510.0400390625,3.760999917984009,13.609999656677246
2023-07-14,99.91000366210938,4505.419921875,3.819000005722046,13.34000015258789
2023-07-17,99.83999633789062,4522.7900390625,3.796999931335449,13.479999542236328
2023-07-18,99.94000244140625,4554.97998046875,3.7890000343322754,13.300000190734863
2023-07-19,100.27999877929688,4565.72021484375,3.742000102996826,13.760000228881836
2023-07-20,100.87999725341797,4534.8701171875,3.8540000915527344,13.989999771118164
2023-07-21,101.06999969482422,4536.33984375,3.8369998931884766,13.600000381469727
2023-07-24,101.3499984741211,4554.64013671875,3.8570001125335693,13.90999984741211
2023-07-25,101.3499984741211,4567.4599609375,3.9119999408721924,13.859999656677246
2023-07-26,100.88999938964844,4566.75,3.8510000705718994,13.1899995803833
2023-07-27,101.7699966430664,4537.41015625,4.01200008392334,14.40999984741211
2023-07-28,101.62000274658203,4582.22998046875,3.9690001010894775,13.329999923706055
2023-07-31,101.86000061035156,4588.9599609375,3.9590001106262207,13.630000114440918
2023-08-01,102.30000305175781,4576.72998046875,4.051000118255615,13.930000305175781
2023-08-02,102.58999633789062,4513.39013671875,4.078000068664551,16.09000015258789
2023-08-03,102.54000091552734,4501.89013671875,4.189000129699707,15.920000076293945
2023-08-04,102.0199966430664,4478.02978515625,4.059999942779541,17.100000381469727
2023-08-07,102.05000305175781,4518.43994140625,4.078000068664551,15.770000457763672
2023-08-08,102.52999877929688,4499.3798828125,4.026000022888184,15.989999771118164
2023-08-09,102.48999786376953,4467.7099609375,4.01200008392334,15.960000038146973
2023-08-10,102.5199966430664,4468.830078125,4.079999923706055,15.850000381469727
2023-08-11,102.83999633789062,4464.0498046875,4.168000221252441,14.84000015258789
2023-08-14,103.19000244140625,4489.72021484375,4.184000015258789,14.819999694824219
2023-08-15,103.20999908447266,4437.85986328125,4.2210001945495605,16.459999084472656
2023-08-16,103.41999816894531,4404.330078125,4.257999897003174,16.780000686645508
2023-08-17,103.44000244140625,4370.35986328125,4.308000087738037,17.889999389648438
2023-08-18,103.37999725341797,4369.7099609375,4.250999927520752,17.299999237060547
2023-08-21,103.33000183105469,4399.77001953125,4.3420000076293945,17.1299991607666
2023-08-22,103.55999755859375,4387.5498046875,4.328000068664551,16.969999313354492
2023-08-23,103.36000061035156,4436.009765625,4.197999954223633,15.979999542236328
2023-08-24,103.9800033569336,4376.31005859375,4.235000133514404,17.200000762939453
2023-08-25,104.08000183105469,4405.7099609375,4.238999843597412,15.680000305175781
2023-08-28,104.05999755859375,4433.31005859375,4.211999893188477,15.079999923706055
2023-08-29,103.55000305175781,4497.6298828125,4.122000217437744,14.449999809265137
2023-08-30,103.16000366210938,4514.8701171875,4.118000030517578,13.880000114440918
2023-08-31,103.62000274658203,4507.66015625,4.0929999351501465,13.569999694824219
2023-09-01,104.23999786376953,4515.77001953125,4.172999858856201,13.09000015258789
2023-09-05,104.80999755859375,4496.830078125,4.26800012588501,14.010000228881836
2023-09-06,104.86000061035156,4465.47998046875,4.289999961853027,14.449999809265137
2023-09-07,105.05999755859375,4451.14013671875,4.260000228881836,14.399999618530273
2023-09-08,105.08999633789062,4457.490234375,4.257999897003174,13.84000015258789
2023-09-11,104.56999969482422,4487.4599609375,4.288000106811523,13.800000190734863
2023-09-12,104.70999908447266,4461.89990234375,4.263999938964844,14.229999542236328
2023-09-13,104.7699966430664,4467.43994140625,4.249000072479248,13.479999542236328
2023-09-14,105.41000366210938,4505.10009765625,4.288000106811523,12.819999694824219
2023-09-15,105.31999969482422,4450.31982421875,4.322000026702881,13.789999961853027
2023-09-18,105.19999694824219,4453.52978515625,4.318999767303467,14.0
2023-09-19,105.19999694824219,4443.9501953125,4.364999771118164,14.109999656677246
2023-09-20,105.16000366210938,4402.2001953125,4.348999977111816,15.140000343322754
2023-09-21,105.36000061035156,4330.0,4.480000019073486,17.540000915527344
2023-09-22,105.58000183105469,4320.06005859375,4.438000202178955,17.200000762939453
2023-09-25,106.0,4337.43994140625,4.541999816894531,16.899999618530273
2023-09-26,106.2300033569336,4273.52978515625,4.558000087738037,18.940000534057617
2023-09-27,106.66999816894531,4274.509765625,4.625999927520752,18.219999313354492
2023-09-28,106.22000122070312,4299.7001953125,4.5970001220703125,17.34000015258789
2023-09-29,106.16999816894531,4288.0498046875,4.572999954223633,17.520000457763672
2023-10-02,106.9000015258789,4288.39013671875,4.683000087738037,17.610000610351562
2023-10-03,107.0,4229.4501953125,4.802000045776367,19.780000686645508
2023-10-04,106.80000305175781,4263.75,4.735000133514404,18.579999923706055
2023-10-05,106.33000183105469,4258.18994140625,4.7170000076293945,18.489999771118164
2023-10-06,106.04000091552734,4308.5,4.783999919891357,17.450000762939453
2023-10-09,106.08000183105469,4335.66015625,4.796999931335449,17.700000762939453
2023-10-10,105.83000183105469,4358.240234375,4.65500020980835,17.030000686645508
2023-10-11,105.81999969482422,4376.9501953125,4.59499979019165,16.09000015258789
2023-10-12,106.56999969482422,4349.60986328125,4.711999893188477,16.690000534057617
2023-10-13,106.6500015258789,4327.77978515625,4.629000186920166,19.31999969482422
2023-10-16,106.23999786376953,4373.6298828125,4.711999893188477,17.209999084472656
2023-10-17,106.25,4373.2001953125,4.8470001220703125,17.8799991607666
2023-10-18,106.56999969482422,4314.60009765625,4.9039998054504395,19.219999313354492
2023-10-19,106.25,4278.0,4.98799991607666,21.399999618530273
2023-10-20,106.16000366210938,4224.16015625,4.923999786376953,21.709999084472656
2023-10-23,105.54000091552734,4217.0400390625,4.8379998207092285,20.3700008392334
2023-10-24,106.2699966430664,4247.68017578125,4.840000152587891,18.969999313354492
2023-10-25,106.52999877929688,4186.77001953125,4.953000068664551,20.190000534057617
2023-10-26,106.5999984741211,4137.22998046875,4.84499979019165,20.68000030517578
2023-10-27,106.55999755859375,4117.3701171875,4.84499979019165,21.270000457763672
2023-10-30,106.12000274658203,4166.81982421875,4.875,19.75
2023-10-31,106.66000366210938,4193.7998046875,4.875,18.139999389648438
2023-11-01,106.87999725341797,4237.85986328125,4.789000034332275,16.8700008392334
2023-11-02,106.12000274658203,4317.77978515625,4.669000148773193,15.65999984741211
2023-11-03,105.0199966430664,4358.33984375,4.558000087738037,14.90999984741211
2023-11-06,105.22000122070312,4365.97998046875,4.6620001792907715,14.890000343322754
2023-11-07,105.54000091552734,4378.3798828125,4.571000099182129,14.8100004196167
2023-11-08,105.58999633789062,4382.77978515625,4.5229997634887695,14.449999809265137
2023-11-09,105.91000366210938,4347.35009765625,4.630000114440918,15.289999961853027
2023-11-10,105.86000061035156,4415.240234375,4.627999782562256,14.170000076293945
2023-11-13,105.66000366210938,4411.5498046875,4.631999969482422,14.760000228881836
2023-11-14,104.11000061035156,4495.7001953125,4.440999984741211,14.15999984741211
2023-11-15,104.38999938964844,4502.8798828125,4.534999847412109,14.180000305175781
2023-11-16,104.37000274658203,4508.240234375,4.445000171661377,14.319999694824219
2023-11-17,103.81999969482422,4514.02001953125,4.440999984741211,13.800000190734863
2023-11-20,103.47000122070312,4547.3798828125,4.421999931335449,13.40999984741211
2023-11-21,103.58999633789062,4538.18994140625,4.418000221252441,13.350000381469727
2023-11-22,103.91999816894531,4556.6201171875,4.415999889373779,12.850000381469727
2023-11-24,103.4000015258789,4559.33984375,4.4720001220703125,12.460000038146973
2023-11-27,103.19999694824219,4550.43017578125,4.388999938964844,12.6899995803833
2023-11-28,102.75,4554.89013671875,4.335999965667725,12.6899995803833
2023-11-29,102.7699966430664,4550.580078125,4.270999908447266,12.979999542236328
2023-11-30,103.5,4567.7998046875,4.3520002365112305,12.920000076293945
2023-12-01,103.2699966430664,4594.6298828125,4.22599983215332,12.630000114440918
2023-12-04,103.63999938964844,4569.77978515625,4.288000106811523,13.079999923706055
2023-12-05,104.05000305175781,4567.18017578125,4.171000003814697,12.850000381469727
2023-12-06,104.1500015258789,4549.33984375,4.120999813079834,12.970000267028809
2023-12-07,103.54000091552734,4585.58984375,4.129000186920166,13.0600004196167
2023-12-08,104.01000213623047,4604.3701171875,4.244999885559082,12.350000381469727
2023-12-11,104.0999984741211,4622.43994140625,4.238999843597412,12.630000114440918
2023-12-12,103.87000274658203,4643.7001953125,4.205999851226807,12.069999694824219
2023-12-13,102.87000274658203,4707.08984375,4.0329999923706055,12.1899995803833
2023-12-14,101.95999908447266,4719.5498046875,3.930000066757202,12.479999542236328
2023-12-15,102.55000305175781,4719.18994140625,3.927999973297119,12.279999732971191
2023-12-18,102.51000213623047,4740.56005859375,3.9539999961853027,12.5600004196167
2023-12-19,102.16999816894531,4768.3701171875,3.921999931335449,12.529999732971191
2023-12-20,102.41000366210938,4698.35009765625,3.877000093460083,13.670000076293945
2023-12-21,101.83999633789062,4746.75,3.8940000534057617,13.649999618530273
2023-12-22,101.69999694824219,4754.6298828125,3.9010000228881836,13.029999732971191
2023-12-26,101.47000122070312,4774.75,3.885999917984009,12.989999771118164
2023-12-27,100.98999786376953,4781.580078125,3.7890000343322754,12.430000305175781
2023-12-28,101.2300033569336,4783.35009765625,3.8499999046325684,12.470000267028809
2023-12-29,101.33000183105469,4769.830078125,3.865999937057495,12.449999809265137
2024-01-02,102.19999694824219,4742.830078125,3.946000099182129,13.199999809265137
2024-01-03,102.45999908447266,4704.81005859375,3.9070000648498535,14.039999961853027
2024-01-04,102.41999816894531,4688.68017578125,3.990999937057495,14.130000114440918
2024-01-05,102.41000366210938,4697.240234375,4.041999816894531,13.350000381469727
2024-01-08,102.20999908447266,4763.5400390625,4.001999855041504,13.079999923706055
2024-01-09,102.56999969482422,4756.5,4.019000053405762,12.760000228881836
2024-01-10,102.36000061035156,4783.4501953125,4.03000020980835,12.6899995803833
2024-01-11,102.29000091552734,4780.240234375,3.9769999980926514,12.4399995803833
2024-01-12,102.4000015258789,4783.830078125,3.950000047683716,12.699999809265137
2024-01-16,103.36000061035156,4765.97998046875,4.065999984741211,13.84000015258789
2024-01-17,103.44999694824219,4739.2099609375,4.105999946594238,14.789999961853027
2024-01-18,103.54000091552734,4780.93994140625,4.144000053405762,14.130000114440918
2024-01-19,103.29000091552734,4839.81005859375,4.145999908447266,13.300000190734863
2024-01-22,103.33000183105469,4850.43017578125,4.093999862670898,13.1899995803833
2024-01-23,103.62000274658203,4864.60009765625,4.142000198364258,12.550000190734863
2024-01-24,103.23999786376953,4868.5498046875,4.177999973297119,13.140000343322754
2024-01-25,103.56999969482422,4894.16015625,4.131999969482422,13.449999809265137
2024-01-26,103.47000122070312,4890.97021484375,4.159999847412109,13.260000228881836
2024-01-29,103.61000061035156,4927.93017578125,4.091000080108643,13.600000381469727
2024-01-30,103.4000015258789,4924.97021484375,4.059000015258789,13.3100004196167
2024-01-31,103.2699966430664,4845.64990234375,3.9670000076293945,14.350000381469727
2024-02-01,103.05000305175781,4906.18994140625,3.86299991607666,13.880000114440918
2024-02-02,103.91999816894531,4958.60986328125,4.0329999923706055,13.850000381469727
2024-02-05,104.44999694824219,4942.81005859375,4.164000034332275,13.670000076293945
2024-02-06,104.18000030517578,4954.22998046875,4.090000152587891,13.0600004196167
2024-02-07,104.04000091552734,4995.06005859375,4.110000133514404,12.829999923706055
2024-02-08,104.1500015258789,4997.91015625,4.170000076293945,12.789999961853027
2024-02-09,104.08000183105469,5026.60986328125,4.186999797821045,12.930000305175781
2024-02-12,104.16999816894531,5021.83984375,4.171999931335449,13.930000305175781
2024-02-13,104.95999908447266,4953.169921875,4.315999984741211,15.850000381469727
2024-02-14,104.72000122070312,5000.6201171875,4.267000198364258,14.380000114440918
2024-02-15,104.30000305175781,5029.72998046875,4.239999771118164,14.010000228881836
2024-02-16,104.27999877929688,5005.56982421875,4.295000076293945,14.239999771118164
2024-02-20,104.08000183105469,4975.509765625,4.275000095367432,15.420000076293945
2024-02-21,104.01000213623047,4981.7998046875,4.324999809265137,15.34000015258789
2024-02-22,103.95999908447266,5087.02978515625,4.327000141143799,14.539999961853027
2024-02-23,103.94000244140625,5088.7998046875,4.260000228881836,13.75
2024-02-26,103.83000183105469,5069.52978515625,4.298999786376953,13.739999771118164
2024-02-27,103.83000183105469,5078.18017578125,4.315000057220459,13.430000305175781
2024-02-28,103.9800033569336,5069.759765625,4.27400016784668,13.84000015258789
2024-02-29,104.16000366210938,5096.27001953125,4.251999855041504,13.399999618530273
2024-03-01,103.86000061035156,5137.080078125,4.179999828338623,13.109999656677246
2024-03-04,103.83000183105469,5130.9501953125,4.218999862670898,13.489999771118164
2024-03-05,103.80000305175781,5078.64990234375,4.13700008392334,14.460000038146973
2024-03-06,103.37000274658203,5104.759765625,4.104000091552734,14.5
2024-03-07,102.81999969482422,5157.35986328125,4.0920000076293945,14.4399995803833
2024-03-08,102.73999786376953,5123.68994140625,4.089000225067139,14.739999771118164
2024-03-11,102.87000274658203,5117.93994140625,4.104000091552734,15.220000267028809
2024-03-12,102.95999908447266,5175.27001953125,4.15500020980835,13.84000015258789
2024-03-13,102.79000091552734,5165.31005859375,4.191999912261963,13.75
2024-03-14,103.36000061035156,5150.47998046875,4.297999858856201,14.399999618530273
2024-03-15,103.43000030517578,5117.08984375,4.303999900817871,14.40999984741211
2024-03-18,103.58000183105469,5149.419921875,4.340000152587891,14.329999923706055
2024-03-19,103.80999755859375,5178.509765625,4.296999931335449,13.819999694824219
2024-03-20,103.41000366210938,5224.6201171875,4.2729997634887695,13.039999961853027
2024-03-21,104.0,5241.52978515625,4.270999908447266,12.920000076293945
2024-03-22,104.43000030517578,5234.18017578125,4.2179999351501465,13.0600004196167
2024-03-25,104.2300033569336,5218.18994140625,4.252999782562256,13.1899995803833
2024-03-26,104.29000091552734,5203.580078125,4.234000205993652,13.239999771118164
2024-03-27,104.3499984741211,5248.490234375,4.196000099182129,12.779999732971191
2024-03-28,104.55000305175781,5254.35009765625,4.205999851226807,13.010000228881836
2024-04-01,105.0199966430664,5243.77001953125,4.328999996185303,13.649999618530273
2024-04-02,104.81999969482422,5205.81005859375,4.364999771118164,14.609999656677246
2024-04-03,104.25,5211.490234375,4.355000019073486,14.329999923706055
2024-04-04,104.12000274658203,5147.2099609375,4.309000015258789,16.350000381469727
2024-04-05,104.30000305175781,5204.33984375,4.377999782562256,16.030000686645508
2024-04-08,104.13999938964844,5202.39013671875,4.423999786376953,15.1899995803833
2024-04-09,104.1500015258789,5209.91015625,4.366000175476074,14.979999542236328
2024-04-10,105.25,5160.64013671875,4.559999942779541,15.800000190734863
2024-04-11,105.27999877929688,5199.06005859375,4.576000213623047,14.90999984741211
2024-04-12,106.04000091552734,5123.41015625,4.499000072479248,17.309999465942383
2024-04-15,106.20999908447266,5061.81982421875,4.627999782562256,19.229999542236328
2024-04-16,106.26000213623047,5051.41015625,4.658999919891357,18.399999618530273
2024-04-17,105.94999694824219,5022.2099609375,4.585000038146973,18.209999084472656
2024-04-18,106.1500015258789,5011.1201171875,4.646999835968018,18.0
2024-04-19,106.1500015258789,4967.22998046875,4.614999771118164,18.709999084472656
2024-04-22,106.08000183105469,5010.60009765625,4.623000144958496,16.940000534057617
2024-04-23,105.69000244140625,5070.5498046875,4.5980000495910645,15.6899995803833
2024-04-24,105.86000061035156,5071.6298828125,4.6519999504089355,15.970000267028809
2024-04-25,105.5999984741211,5048.419921875,4.705999851226807,15.369999885559082
2024-04-26,105.94000244140625,5099.9599609375,4.669000148773193,15.029999732971191
2024-04-29,105.58000183105469,5116.169921875,4.613999843597412,14.670000076293945
2024-04-30,106.22000122070312,5035.68994140625,4.685999870300293,15.649999618530273
2024-05-01,105.76000213623047,5018.39013671875,4.59499979019165,15.390000343322754
2024-05-02,105.30000305175781,5064.2001953125,4.571000099182129,14.680000305175781
2024-05-03,105.02999877929688,5127.7900390625,4.5,13.489999771118164
2024-05-06,105.05000305175781,5180.740234375,4.488999843597412,13.489999771118164
2024-05-07,105.41000366210938,5187.7001953125,4.4629998207092285,13.229999542236328
2024-05-08,105.55000305175781,5187.669921875,4.492000102996826,13.0
2024-05-09,105.2300033569336,5214.080078125,4.448999881744385,12.6899995803833
2024-05-10,105.30999755859375,5222.68017578125,4.504000186920166,12.550000190734863
2024-05-13,105.22000122070312,5221.419921875,4.480999946594238,13.600000381469727
2024-05-14,105.01000213623047,5246.68017578125,4.445000171661377,13.420000076293945
2024-05-15,104.3499984741211,5308.14990234375,4.355999946594238,12.449999809265137
2024-05-16,104.45999908447266,5297.10009765625,4.376999855041504,12.420000076293945
2024-05-17,104.44999694824219,5303.27001953125,4.420000076293945,11.989999771118164
2024-05-20,104.56999969482422,5308.1298828125,4.436999797821045,12.149999618530273
2024-05-21,104.66000366210938,5321.41015625,4.414000034332275,11.859999656677246
2024-05-22,104.94000244140625,5307.009765625,4.434000015258789,12.289999961853027
2024-05-23,105.11000061035156,5267.83984375,4.474999904632568,12.770000457763672
2024-05-24,104.72000122070312,5304.72021484375,4.4670000076293945,11.930000305175781
2024-05-28,104.61000061035156,5306.0400390625,4.541999816894531,12.920000076293945
2024-05-29,105.0999984741211,5266.9501953125,4.624000072479248,14.279999732971191
2024-05-30,104.72000122070312,5235.47998046875,4.553999900817871,14.470000267028809
2024-05-31,104.66999816894531,5277.509765625,4.513999938964844,12.920000076293945
2024-06-03,104.13999938964844,5283.39990234375,4.4019999504089355,13.109999656677246
2024-06-04,104.11000061035156,5291.33984375,4.335999965667725,13.15999984741211
2024-06-05,104.2699966430664,5354.02978515625,4.289000034332275,12.630000114440918
2024-06-06,104.0999984741211,5352.9599609375,4.281000137329102,12.579999923706055
2024-06-07,104.88999938964844,5346.990234375,4.429999828338623,12.220000267028809
2024-06-10,105.1500015258789,5360.7900390625,4.468999862670898,12.739999771118164
2024-06-11,105.2300033569336,5375.31982421875,4.4039998054504395,12.850000381469727
2024-06-12,104.6500015258789,5421.02978515625,4.295000076293945,12.039999961853027
2024-06-13,105.19999694824219,5433.740234375,4.23799991607666,11.9399995803833
2024-06-14,105.55000305175781,5431.60009765625,4.2129998207092285,12.65999984741211
2024-06-17,105.31999969482422,5473.22998046875,4.2789998054504395,12.75
2024-06-18,105.26000213623047,5487.02978515625,4.2170000076293945,12.300000190734863
2024-06-20,105.58999633789062,5473.169921875,4.254000186920166,13.279999732971191
2024-06-21,105.80000305175781,5464.6201171875,4.256999969482422,13.199999809265137
2024-06-24,105.47000122070312,5447.8701171875,4.248000144958496,13.329999923706055
2024-06-25,105.61000061035156,5469.2998046875,4.23799991607666,12.84000015258789
2024-06-26,106.05000305175781,5477.89990234375,4.315999984741211,12.550000190734863
2024-06-27,105.91000366210938,5482.8701171875,4.288000106811523,12.239999771118164
2024-06-28,105.87000274658203,5460.47998046875,4.3429999351501465,12.4399995803833
2024-07-01,105.9000015258789,5475.08984375,4.479000091552734,12.220000267028809
2024-07-02,105.72000122070312,5509.009765625,4.435999870300293,12.029999732971191
2024-07-03,105.4000015258789,5537.02001953125,4.355000019073486,12.09000015258789
2024-07-05,104.87999725341797,5567.18994140625,4.271999835968018,12.479999542236328
2024-07-08,105.01000213623047,5572.85009765625,4.269000053405762,12.369999885559082
2024-07-09,105.12000274658203,5576.97998046875,4.300000190734863,12.510000228881836
2024-07-10,105.05000305175781,5633.91015625,4.28000020980835,12.850000381469727
2024-07-11,104.44000244140625,5584.5400390625,4.192999839782715,12.920000076293945
2024-07-12,104.08999633789062,5615.35009765625,4.189000129699707,12.460000038146973
2024-07-15,104.19000244140625,5631.22021484375,4.229000091552734,13.119999885559082
2024-07-16,104.2699966430664,5667.2001953125,4.166999816894531,13.1899995803833
2024-07-17,103.75,5588.27001953125,4.145999908447266,14.479999542236328
2024-07-18,104.16999816894531,5544.58984375,4.189000129699707,15.930000305175781
2024-07-19,104.4000015258789,5505.0,4.238999843597412,16.520000457763672
2024-07-22,104.30999755859375,5564.41015625,4.260000228881836,14.90999984741211
2024-07-23,104.44999694824219,5555.740234375,4.238999843597412,14.720000267028809
2024-07-24,104.38999938964844,5427.1298828125,4.285999774932861,18.040000915527344
2024-07-25,104.36000061035156,5399.22021484375,4.25600004196167,18.459999084472656
2024-07-26,104.31999969482422,5459.10009765625,4.199999809265137,16.389999389648438
2024-07-29,104.55999755859375,5463.5400390625,4.177999973297119,16.600000381469727
2024-07-30,104.55000305175781,5436.43994140625,4.14300012588501,17.690000534057617
2024-07-31,104.0999984741211,5522.2998046875,4.109000205993652,16.360000610351562
2024-08-01,104.41999816894531,5446.68017578125,3.9760000705718994,18.59000015258789
2024-08-02,103.20999908447266,5346.56005859375,3.7920000553131104,23.389999389648438
2024-08-05,102.69000244140625,5186.330078125,3.7850000858306885,38.56999969482422
2024-08-06,102.97000122070312,5240.02978515625,3.888000011444092,27.709999084472656
2024-08-07,103.19999694824219,5199.5,3.9679999351501465,27.850000381469727
2024-08-08,103.20999908447266,5319.31005859375,3.996999979019165,23.790000915527344
2024-08-09,103.13999938964844,5344.16015625,3.941999912261963,20.3700008392334
2024-08-12,103.13999938964844,5344.39013671875,3.9089999198913574,20.709999084472656
2024-08-13,102.55999755859375,5434.43017578125,3.8519999980926514,18.1200008392334
2024-08-14,102.56999969482422,5455.2099609375,3.819999933242798,16.190000534057617
2024-08-15,102.9800033569336,5543.22021484375,3.9260001182556152,15.229999542236328
2024-08-16,102.45999908447266,5554.25,3.8919999599456787,14.800000190734863
2024-08-19,101.88999938964844,5608.25,3.867000102996826,14.649999618530273
2024-08-20,101.44000244140625,5597.1201171875,3.818000078201294,15.880000114440918
2024-08-21,101.04000091552734,5620.85009765625,3.7780001163482666,16.270000457763672
2024-08-22,101.51000213623047,5570.64013671875,3.861999988555908,17.549999237060547
2024-08-23,100.72000122070312,5634.60986328125,3.806999921798706,15.859999656677246
2024-08-26,100.8499984741211,5616.83984375,3.818000078201294,16.149999618530273
2024-08-27,100.55000305175781,5625.7998046875,3.8329999446868896,15.430000305175781
2024-08-28,101.08999633789062,5592.18017578125,3.8410000801086426,17.110000610351562
2024-08-29,101.33999633789062,5591.9599609375,3.867000102996826,15.649999618530273
2024-08-30,101.69999694824219,5648.39990234375,3.9110000133514404,15.0
2024-09-03,101.83000183105469,5528.93017578125,3.8440001010894775,20.719999313354492
2024-09-04,101.36000061035156,5520.06982421875,3.7679998874664307,21.31999969482422
2024-09-05,101.11000061035156,5503.41015625,3.7309999465942383,19.899999618530273
2024-09-06,101.18000030517578,5408.419921875,3.7100000381469727,22.3799991607666
2024-09-09,101.55000305175781,5471.0498046875,3.697000026702881,19.450000762939453
2024-09-10,101.62999725341797,5495.52001953125,3.6459999084472656,19.079999923706055
2024-09-11,101.68000030517578,5554.1298828125,3.6530001163482666,17.690000534057617
2024-09-12,101.37000274658203,5595.759765625,3.680000066757202,17.06999969482422
2024-09-13,101.11000061035156,5626.02001953125,3.6500000953674316,16.559999465942383
2024-09-16,100.76000213623047,5633.08984375,3.621000051498413,17.139999389648438
2024-09-17,100.88999938964844,5634.580078125,3.6419999599456787,17.610000610351562
2024-09-18,100.5999984741211,5618.259765625,3.684999942779541,18.229999542236328
2024-09-19,100.61000061035156,5713.64013671875,3.740000009536743,16.329999923706055
2024-09-20,100.72000122070312,5702.5498046875,3.7279999256134033,16.149999618530273
2024-09-23,100.91999816894531,5718.56982421875,3.739000082015991,15.890000343322754
2024-09-24,100.37000274658203,5732.93017578125,3.7360000610351562,15.390000343322754
2024-09-25,100.91999816894531,5722.259765625,3.7809998989105225,15.40999984741211
2024-09-26,100.55999755859375,5745.3701171875,3.7909998893737793,15.369999885559082
2024-09-27,100.41999816894531,5738.169921875,3.749000072479248,16.959999084472656
2024-09-30,100.77999877929688,5762.47998046875,3.802000045776367,16.729999542236328
2024-10-01,101.19000244140625,5708.75,3.743000030517578,19.260000228881836
2024-10-02,101.68000030517578,5709.5400390625,3.7850000858306885,18.899999618530273
2024-10-03,101.98999786376953,5699.93994140625,3.8499999046325684,20.489999771118164
2024-10-04,102.5199966430664,5751.06982421875,3.9809999465942383,19.209999084472656
2024-10-07,102.54000091552734,5695.93994140625,4.026000022888184,22.639999389648438
2024-10-08,102.55000305175781,5751.1298828125,4.0329999923706055,21.420000076293945
2024-10-09,102.93000030517578,5792.0400390625,4.066999912261963,20.860000610351562
2024-10-10,102.98999786376953,5780.0498046875,4.0960001945495605,20.93000030517578
2024-10-11,102.88999938964844,5815.02978515625,4.072999954223633,20.459999084472656
2024-10-14,103.30000305175781,5859.85009765625,4.0980000495910645,19.700000762939453
2024-10-15,103.26000213623047,5815.259765625,4.038000106811523,20.639999389648438
2024-10-16,103.58999633789062,5842.47021484375,4.015999794006348,19.579999923706055
2024-10-17,103.83000183105469,5841.47021484375,4.0960001945495605,19.110000610351562
2024-10-18,103.48999786376953,5864.669921875,4.072999954223633,18.030000686645508
2024-10-21,104.01000213623047,5853.97998046875,4.182000160217285,18.3700008392334
2024-10-22,104.08000183105469,5851.2001953125,4.203999996185303,18.200000762939453
2024-10-23,104.43000030517578,5797.419921875,4.242000102996826,19.239999771118164
2024-10-24,104.05999755859375,5809.85986328125,4.199999809265137,19.079999923706055
2024-10-25,104.26000213623047,5808.1201171875,4.23199987411499,20.329999923706055
2024-10-28,104.31999969482422,5823.52001953125,4.2779998779296875,19.799999237060547
2024-10-29,104.27999877929688,5832.919921875,4.27400016784668,19.34000015258789
2024-10-30,103.98999786376953,5813.669921875,4.265999794006348,20.350000381469727
2024-10-31,103.9800033569336,5705.4501953125,4.283999919891357,23.15999984741211
2024-11-01,104.27999877929688,5728.7998046875,4.361000061035156,21.8799991607666
2024-11-04,103.88999938964844,5712.68994140625,4.309000015258789,21.979999542236328
2024-11-05,103.41999816894531,5782.759765625,4.289000034332275,20.489999771118164
2024-11-06,105.08999633789062,5929.0400390625,4.426000118255615,16.270000457763672
2024-11-07,104.51000213623047,5973.10009765625,4.341000080108643,15.199999809265137
2024-11-08,105.0,5995.5400390625,4.306000232696533,14.9399995803833
2024-11-11,105.54000091552734,6001.35009765625,4.308000087738037,14.970000267028809
2024-11-12,106.0199966430664,5983.990234375,4.432000160217285,14.710000038146973
2024-11-13,106.4800033569336,5985.3798828125,4.451000213623047,14.020000457763672
2024-11-14,106.66999816894531,5949.169921875,4.418000221252441,14.3100004196167
2024-11-15,106.69000244140625,5870.6201171875,4.427999973297119,16.139999389648438
2024-11-18,106.27999877929688,5893.6201171875,4.414000034332275,15.579999923706055
2024-11-19,106.20999908447266,5916.97998046875,4.379000186920166,16.350000381469727
2024-11-20,106.68000030517578,5917.10986328125,4.406000137329102,17.15999984741211
2024-11-21,106.97000122070312,5948.7099609375,4.432000160217285,16.8700008392334
2024-11-22,107.48999786376953,5969.33984375,4.409999847412109,15.239999771118164
2024-11-25,106.81999969482422,5987.3701171875,4.264999866485596,14.600000381469727
2024-11-26,107.01000213623047,6021.6298828125,4.302000045776367,14.100000381469727
2024-11-27,106.08000183105469,5998.740234375,4.242000102996826,14.100000381469727
2024-11-29,105.73999786376953,6032.3798828125,4.177999973297119,13.510000228881836
2024-12-02,106.44999694824219,6047.14990234375,4.196000099182129,13.34000015258789
2024-12-03,106.37000274658203,6049.8798828125,4.2230000495910645,13.300000190734863
2024-12-04,106.33999633789062,6086.490234375,4.179999828338623,13.449999809265137
2024-12-05,105.70999908447266,6075.10986328125,4.179999828338623,13.539999961853027
2024-12-06,105.97000122070312,6090.27001953125,4.151000022888184,12.770000457763672
2024-12-09,106.1500015258789,6052.85009765625,4.198999881744385,14.1899995803833
2024-12-10,106.4000015258789,6034.91015625,4.2210001945495605,14.180000305175781
2024-12-11,106.70999908447266,6084.18994140625,4.270999908447266,13.579999923706055
2024-12-12,106.95999908447266,6051.25,4.323999881744385,13.920000076293945
2024-12-13,107.0,6051.08984375,4.39900016784668,13.8100004196167
2024-12-16,106.86000061035156,6074.080078125,4.396999835968018,14.6899995803833
2024-12-17,106.95999908447266,6050.60986328125,4.385000228881836,15.869999885559082
2024-12-18,108.02999877929688,5872.16015625,4.49399995803833,27.6200008392334
2024-12-19,108.41000366210938,5867.080078125,4.570000171661377,24.09000015258789
2024-12-20,107.62000274658203,5930.85009765625,4.52400016784668,18.360000610351562
2024-12-23,108.04000091552734,5974.06982421875,4.598999977111816,16.780000686645508
2024-12-24,108.26000213623047,6040.0400390625,4.591000080108643,14.270000457763672
2024-12-26,108.12999725341797,6037.58984375,4.578999996185303,14.729999542236328
2024-12-27,108.0,5970.83984375,4.61899995803833,15.949999809265137
2024-12-30,108.12999725341797,5906.93994140625,4.545000076293945,17.399999618530273
2024-12-31,108.48999786376953,5881.6298828125,4.572999954223633,17.350000381469727
2025-01-02,109.38999938964844,5868.5498046875,4.574999809265137,17.93000030517578
2025-01-03,108.94999694824219,5942.47021484375,4.5960001945495605,16.1299991607666
2025-01-06,108.26000213623047,5975.3798828125,4.618000030517578,16.040000915527344
2025-01-07,108.54000091552734,5909.02978515625,4.683000087738037,17.81999969482422
2025-01-08,109.08999633789062,5918.25,4.692999839782715,17.700000762939453
2025-01-09,109.18000030517578,5918.25,4.692999839782715,17.700000762939453
2025-01-10,109.6500015258789,5827.0400390625,4.776000022888184,19.540000915527344
2025-01-13,109.95999908447266,5836.22021484375,4.802999973297119,19.190000534057617
2025-01-14,109.2699966430664,5842.91015625,4.788000106811523,18.709999084472656
2025-01-15,109.08999633789062,5949.91015625,4.6529998779296875,16.1200008392334
2025-01-16,108.95999908447266,5937.33984375,4.605999946594238,16.600000381469727
2025-01-17,109.3499984741211,5996.66015625,4.609000205993652,15.970000267028809
2025-01-21,108.05999755859375,6049.240234375,4.573999881744385,15.0600004196167
2025-01-22,108.16999816894531,6086.3701171875,4.598999977111816,15.100000381469727
2025-01-23,108.05000305175781,6118.7099609375,4.638000011444092,15.020000457763672
2025-01-24,107.44000244140625,6101.240234375,4.625999927520752,14.850000381469727
2025-01-27,107.33999633789062,6012.27978515625,4.5279998779296875,17.899999618530273
2025-01-28,107.87000274658203,6067.7001953125,4.551000118255615,16.40999984741211
2025-01-29,108.0,6039.31005859375,4.554999828338623,16.559999465942383
2025-01-30,107.80000305175781,6071.169921875,4.51200008392334,15.84000015258789
2025-01-31,108.37000274658203,6040.52978515625,4.568999767303467,16.43000030517578
2025-02-03,108.98999786376953,5994.56982421875,4.543000221252441,18.6200008392334
2025-02-04,107.95999908447266,6037.8798828125,4.513000011444092,17.209999084472656
2025-02-05,107.58000183105469,6061.47998046875,4.421999931335449,15.770000457763672
2025-02-06,107.69000244140625,6083.56982421875,4.440000057220459,15.5
2025-02-07,108.04000091552734,6025.990234375,4.486999988555908,16.540000915527344
2025-02-10,108.31999969482422,6066.43994140625,4.493000030517578,15.8100004196167
2025-02-11,107.95999908447266,6068.5,4.5370001792907715,16.020000457763672
2025-02-12,107.94000244140625,6051.97021484375,4.63700008392334,15.890000343322754
2025-02-13,107.30999755859375,6115.06982421875,4.525000095367432,15.100000381469727
2025-02-14,106.56999969482422,6114.6298828125,4.4720001220703125,14.770000457763672
2025-02-18,107.05000305175781,6129.580078125,4.544000148773193,15.350000381469727
2025-02-19,107.16999816894531,6144.14990234375,4.534999847412109,15.270000457763672
2025-02-20,106.33999633789062,6117.52001953125,4.5,15.65999984741211
2025-02-21,106.61000061035156,6013.1298828125,4.420000076293945,18.209999084472656
2025-02-24,106.5999984741211,5983.25,4.39300012588501,18.979999542236328
2025-02-25,106.30999755859375,5955.25,4.297999858856201,19.43000030517578
2025-02-26,106.41999816894531,5956.06005859375,4.249000072479248,19.100000381469727
2025-02-27,107.23999786376953,5861.56982421875,4.284999847412109,21.1299991607666
2025-02-28,107.61000061035156,5954.5,4.230999946594238,19.6299991607666
2025-03-03,106.75,5849.72021484375,4.179999828338623,22.780000686645508
2025-03-04,105.73999786376953,5778.14990234375,4.210000038146973,23.510000228881836
2025-03-05,105.73999786376953,5842.6298828125,4.264999866485596,21.93000030517578
2025-03-06,104.05999755859375,5738.52001953125,4.285999774932861,24.8700008392334
2025-03-07,103.83999633789062,5770.2001953125,4.316999912261963,23.3700008392334
2025-03-10,103.91000366210938,5614.56005859375,4.2129998207092285,27.860000610351562
2025-03-11,103.44000244140625,5572.06982421875,4.288000106811523,26.920000076293945
2025-03-12,103.61000061035156,5599.2998046875,4.317999839782715,24.229999542236328
2025-03-13,103.83000183105469,5521.52001953125,4.27400016784668,24.65999984741211
2025-03-14,103.72000122070312,5638.93994140625,4.308000087738037,21.770000457763672
2025-03-17,103.37000274658203,5675.1201171875,4.306000232696533,20.510000228881836
2025-03-18,103.23999786376953,5614.66015625,4.281000137329102,21.700000762939453
2025-03-19,103.43000030517578,5675.2900390625,4.25600004196167,19.899999618530273
2025-03-20,103.8499984741211,5662.89013671875,4.232999801635742,19.799999237060547
2025-03-21,104.08999633789062,5667.56005859375,4.251999855041504,19.280000686645508
2025-03-24,104.26000213623047,5767.56982421875,4.330999851226807,17.479999542236328
2025-03-25,104.18000030517578,5776.64990234375,4.307000160217285,17.149999618530273
2025-03-26,104.55000305175781,5712.2001953125,4.3379998207092285,18.329999923706055
2025-03-27,104.06999969482422,5693.31005859375,4.36899995803833,18.690000534057617
2025-03-28,104.04000091552734,5580.93994140625,4.255000114440918,21.649999618530273
2025-03-31,104.20999908447266,5611.85009765625,4.245999813079834,22.280000686645508
2025-04-01,104.26000213623047,5633.06982421875,4.156000137329102,21.770000457763672
2025-04-02,103.80999755859375,5670.97021484375,4.196000099182129,21.510000228881836
2025-04-03,102.06999969482422,5396.52001953125,4.054999828338623,30.020000457763672
2025-04-04,103.0199966430664,5074.080078125,3.984999895095825,45.310001373291016
2025-04-07,103.26000213623047,5062.25,4.15500020980835,46.97999954223633
2025-04-08,102.95999908447266,4982.77001953125,4.26200008392334,52.33000183105469
2025-04-09,102.9000015258789,5456.89990234375,4.400000095367432,33.619998931884766
2025-04-10,100.87000274658203,5268.0498046875,4.394000053405762,40.720001220703125
2025-04-11,99.77999877929688,5363.35986328125,4.493000030517578,37.560001373291016
2025-04-14,99.63999938964844,5405.97021484375,4.363999843597412,30.889999389648438
2025-04-15,100.22000122070312,5396.6298828125,4.322999954223633,30.1200008392334
2025-04-16,99.37999725341797,5275.7001953125,4.2789998054504395,32.63999938964844
2025-04-17,99.37999725341797,5282.7001953125,4.333000183105469,29.649999618530273
2025-04-21,98.27999877929688,5158.2001953125,4.40500020980835,33.81999969482422
2025-04-22,98.91999816894531,5287.759765625,4.388999938964844,30.56999969482422
2025-04-23,99.83999633789062,5375.85986328125,4.38700008392334,28.450000762939453
2025-04-24,99.29000091552734,5484.77001953125,4.304999828338623,26.469999313354492
2025-04-25,99.47000122070312,5525.2099609375,4.265999794006348,24.84000015258789
2025-04-28,99.01000213623047,5528.75,4.216000080108643,25.149999618530273
2025-04-29,99.23999786376953,5560.830078125,4.172999858856201,24.170000076293945
2025-04-30,99.47000122070312,5569.06005859375,4.177000045776367,24.700000762939453
2025-05-01,100.25,5604.14013671875,4.230999946594238,24.600000381469727
2025-05-02,100.0,5686.669921875,4.322000026702881,22.68000030517578
2025-05-05,99.83000183105469,5650.3798828125,4.3429999351501465,23.639999389648438
2025-05-06,99.23999786376953,5606.91015625,4.308000087738037,24.760000228881836
2025-05-07,99.61000061035156,5631.27978515625,4.275000095367432,23.549999237060547
2025-05-08,100.63999938964844,5663.93994140625,4.373000144958496,22.479999542236328
2025-05-09,100.33999633789062,5659.91015625,4.375,21.899999618530273
2025-05-12,101.79000091552734,5844.18994140625,4.456999778747559,18.389999389648438
2025-05-13,101.0,5886.5498046875,4.499000072479248,18.219999313354492
2025-05-14,101.04000091552734,5892.580078125,4.5279998779296875,18.6200008392334
2025-05-15,100.87999725341797,5916.93017578125,4.454999923706055,17.829999923706055
2025-05-16,101.08999633789062,5958.3798828125,4.440999984741211,17.239999771118164
2025-05-19,100.43000030517578,5963.60009765625,4.474999904632568,18.139999389648438
2025-05-20,100.12000274658203,5940.4599609375,4.480999946594238,18.09000015258789
2025-05-21,99.55999755859375,5844.60986328125,4.5960001945495605,20.8700008392334
2025-05-22,99.95999908447266,5842.009765625,4.552999973297119,20.280000686645508
2025-05-23,99.11000061035156,5802.81982421875,4.508999824523926,22.290000915527344
2025-05-26,98.93000030517578,5802.81982421875,4.508999824523926,22.290000915527344
2025-05-27,99.5199966430664,5921.5400390625,4.434000015258789,18.959999084472656
2025-05-28,99.87999725341797,5888.5498046875,4.4770002365112305,19.309999465942383
2025-05-29,99.27999877929688,5912.169921875,4.423999786376953,19.18000030517578
2025-05-30,99.33000183105469,5911.68994140625,4.415999889373779,18.56999969482422
2025-06-02,98.69999694824219,5935.93994140625,4.461999893188477,18.360000610351562
2025-06-03,99.25,5970.3701171875,4.460000038146973,17.690000534057617
2025-06-04,98.79000091552734,5970.81005859375,4.364999771118164,17.610000610351562
2025-06-05,98.73999786376953,5939.2998046875,4.394000053405762,18.479999542236328
2025-06-06,99.19000244140625,6000.35986328125,4.510000228881836,16.770000457763672
2025-06-09,98.94000244140625,6005.8798828125,4.48199987411499,17.15999984741211
2025-06-10,99.05000305175781,6038.81005859375,4.473999977111816,16.950000762939453
2025-06-11,98.62999725341797,6022.240234375,4.4120001792907715,17.260000228881836
2025-06-12,97.91999816894531,6045.259765625,4.35699987411499,18.020000457763672
2025-06-13,98.18000030517578,5976.97021484375,4.423999786376953,20.81999969482422
2025-06-16,98.0,6033.10986328125,4.452000141143799,19.110000610351562
2025-06-17,98.81999969482422,5982.72021484375,4.39300012588501,21.600000381469727
2025-06-18,98.91000366210938,5980.8701171875,4.396999835968018,20.139999389648438
2025-06-20,98.70999908447266,5967.83984375,4.375,20.6200008392334
2025-06-23,98.41999816894531,6025.169921875,4.320000171661377,19.829999923706055
2025-06-24,97.86000061035156,6092.18017578125,4.293000221252441,17.479999542236328
2025-06-25,97.68000030517578,6092.16015625,4.293000221252441,16.760000228881836
2025-06-26,97.1500015258789,6141.02001953125,4.252999782562256,16.59000015258789
2025-06-27,97.4000015258789,6173.06982421875,4.2829999923706055,16.31999969482422
2025-06-30,96.87999725341797,6204.9501953125,4.230000019073486,16.729999542236328
2025-07-01,96.81999969482422,6198.009765625,4.250999927520752,16.829999923706055
2025-07-02,96.77999877929688,6227.419921875,4.293000221252441,16.639999389648438
2025-07-03,97.18000030517578,6279.35009765625,4.3480000495910645,16.3799991607666
2025-07-07,97.4800033569336,6229.97998046875,4.394999980926514,17.790000915527344
2025-07-08,97.51000213623047,6225.52001953125,4.414999961853027,16.809999465942383
2025-07-09,97.47000122070312,6263.259765625,4.3420000076293945,15.9399995803833
2025-07-10,97.6500015258789,6280.4599609375,4.3460001945495605,15.779999732971191
2025-07-11,97.8499984741211,6259.75,4.422999858856201,16.399999618530273
2025-07-14,98.08000183105469,6268.56005859375,4.427000045776367,17.200000762939453
2025-07-15,98.62000274658203,6243.759765625,4.488999843597412,17.3799991607666
2025-07-16,98.38999938964844,6263.7001953125,4.454999923706055,17.15999984741211
2025-07-17,98.7300033569336,6297.35986328125,4.4629998207092285,16.520000457763672
2025-07-18,98.4800033569336,6296.7900390625,4.432000160217285,16.40999984741211
2025-07-21,97.8499984741211,6305.60009765625,4.372000217437744,16.649999618530273
2025-07-22,97.38999938964844,6309.6201171875,4.335999965667725,16.5
2025-07-23,97.20999908447266,6358.91015625,4.388000011444092,15.369999885559082
2025-07-24,97.37999725341797,6363.35009765625,4.4079999923706055,15.390000343322754
2025-07-25,97.6500015258789,6388.64013671875,4.386000156402588,14.930000305175781
2025-07-28,98.66000366210938,6389.77001953125,4.420000076293945,15.029999732971191
2025-07-29,98.91000366210938,6370.85986328125,4.329999923706055,15.979999542236328
2025-07-30,99.94000244140625,6362.89990234375,4.375999927520752,15.479999542236328
2025-07-31,100.02999877929688,6339.39013671875,4.360000133514404,16.719999313354492
2025-08-01,98.69000244140625,6238.009765625,4.21999979019165,20.3799991607666
2025-08-04,98.77999877929688,6329.93994140625,4.199999809265137,17.520000457763672
2025-08-05,98.77999877929688,6299.18994140625,4.196000099182129,17.850000381469727
2025-08-06,98.18000030517578,6345.06005859375,4.21999979019165,16.770000457763672
2025-08-07,98.4000015258789,6340.0,4.24399995803833,16.56999969482422
2025-08-08,98.18000030517578,6389.4501953125,4.284999847412109,15.149999618530273
2025-08-11,98.5199966430664,6373.4501953125,4.2729997634887695,16.25
2025-08-12,98.0999984741211,6445.759765625,4.293000221252441,14.729999542236328
2025-08-13,97.83999633789062,6466.580078125,4.23799991607666,14.489999771118164
2025-08-14,98.25,6468.5400390625,4.293000221252441,14.829999923706055
2025-08-15,97.8499984741211,6449.7998046875,4.328000068664551,15.09000015258789
2025-08-18,98.16999816894531,6449.14990234375,4.341000080108643,14.989999771118164
2025-08-19,98.2699966430664,6411.3701171875,4.302000045776367,15.569999694824219
2025-08-20,98.22000122070312,6395.77978515625,4.296000003814697,15.6899995803833
2025-08-21,98.62000274658203,6370.169921875,4.329999923706055,16.600000381469727
2025-08-22,97.72000122070312,6466.91015625,4.260000228881836,14.220000267028809
2025-08-25,98.43000030517578,6439.31982421875,4.275000095367432,14.789999961853027
2025-08-26,98.2300033569336,6465.93994140625,4.257999897003174,14.619999885559082
2025-08-27,98.2300033569336,6481.39990234375,4.23799991607666,14.850000381469727
2025-08-28,97.80999755859375,6501.85986328125,4.206999778747559,14.430000305175781
2025-08-29,97.7699966430664,6460.259765625,4.2270002365112305,15.359999656677246
2025-09-02,98.4000015258789,6415.5400390625,4.2769999504089355,17.170000076293945
2025-09-03,98.13999938964844,6448.259765625,4.210999965667725,16.350000381469727
2025-09-04,98.3499984741211,6502.080078125,4.176000118255615,15.300000190734863
2025-09-05,97.7699966430664,6481.5,4.085999965667725,15.180000305175781
2025-09-08,97.44999694824219,6495.14990234375,4.046000003814697,15.109999656677246
2025-09-09,97.79000091552734,6512.60986328125,4.073999881744385,15.039999961853027
2025-09-10,97.77999877929688,6532.0400390625,4.0320000648498535,15.350000381469727
2025-09-11,97.54000091552734,6587.47021484375,4.011000156402588,14.710000038146973
2025-09-12,97.55000305175781,6584.2900390625,4.060999870300293,14.760000228881836
2025-09-15,97.30000305175781,6615.27978515625,4.033999919891357,15.6899995803833
2025-09-16,96.62999725341797,6606.759765625,4.026000022888184,16.360000610351562
2025-09-17,96.87000274658203,6600.35009765625,4.076000213623047,15.720000267028809
2025-09-18,97.3499984741211,6631.9599609375,4.104000091552734,15.699999809265137
2025-09-19,97.63999938964844,6664.35986328125,4.138999938964844,15.449999809265137
2025-09-22,97.33000183105469,6693.75,4.14300012588501,16.100000381469727
2025-09-23,97.26000213623047,6656.919921875,4.119999885559082,16.639999389648438
2025-09-24,97.87000274658203,6637.97021484375,4.146999835968018,16.18000030517578
2025-09-25,98.55000305175781,6604.72021484375,4.171999931335449,16.739999771118164
2025-09-26,98.1500015258789,6643.7001953125,4.186999797821045,15.289999961853027
2025-09-29,97.91000366210938,6661.2099609375,4.140999794006348,16.1200008392334
2025-09-30,97.7699966430664,6688.4599609375,4.1479997634887695,16.280000686645508
2025-10-01,97.70999908447266,6711.2001953125,4.105999946594238,16.290000915527344
2025-10-02,97.8499984741211,6715.35009765625,4.0879998207092285,16.6299991607666
2025-10-03,97.72000122070312,6715.7900390625,4.11899995803833,16.649999618530273
2025-10-06,98.11000061035156,6740.27978515625,4.1620001792907715,16.3700008392334
2025-10-07,98.58000183105469,6714.58984375,4.126999855041504,17.239999771118164
2025-10-08,98.8499984741211,6753.72021484375,4.129000186920166,16.299999237060547
2025-10-09,99.54000091552734,6735.10986328125,4.1479997634887695,16.43000030517578
2025-10-10,98.9800033569336,6552.509765625,4.051000118255615,21.65999984741211
2025-10-13,99.2699966430664,6654.72021484375,4.051000118255615,19.030000686645508
2025-10-14,99.05000305175781,6644.31005859375,4.021999835968018,20.809999465942383
2025-10-15,98.79000091552734,6671.06005859375,4.046000003814697,20.639999389648438
2025-10-16,98.38999938964844,6629.06982421875,3.9760000705718994,25.309999465942383
2025-10-17,98.43000030517578,6664.009765625,4.006999969482422,20.780000686645508
2025-10-20,98.58999633789062,6735.1298828125,3.9860000610351562,18.229999542236328
2025-10-21,98.93000030517578,6735.35009765625,3.9630000591278076,17.8700008392334
2025-10-22,98.9000015258789,6699.39990234375,3.953000068664551,18.600000381469727
2025-10-23,98.94000244140625,6738.43994140625,3.990999937057495,17.299999237060547
2025-10-24,98.94999694824219,6791.68994140625,3.996999979019165,16.3700008392334
2025-10-27,98.77999877929688,6875.16015625,3.996999979019165,15.789999961853027
2025-10-28,98.69000244140625,6890.89013671875,3.9830000400543213,16.420000076293945
2025-10-29,99.22000122070312,6890.58984375,4.058000087738037,16.920000076293945
2025-10-30,99.52999877929688,6822.33984375,4.0929999351501465,16.90999984741211
2025-10-31,99.80000305175781,6840.2001953125,4.10099983215332,17.440000534057617
2025-11-03,99.87000274658203,6851.97021484375,4.105999946594238,17.170000076293945
2025-11-04,100.22000122070312,6771.5498046875,4.089000225067139,19.0
2025-11-05,100.19999694824219,6796.2900390625,4.1570000648498535,18.010000228881836
2025-11-06,99.7300033569336,6720.31982421875,4.0929999351501465,19.5
2025-11-07,99.5999984741211,6728.7998046875,4.0929999351501465,19.079999923706055
2025-11-10,99.62000274658203,6832.43017578125,4.110000133514404,17.600000381469727
2025-11-11,99.45999908447266,6846.60986328125,4.119999885559082,17.280000686645508
2025-11-12,99.4800033569336,6850.919921875,4.065000057220459,17.510000228881836
2025-11-13,99.18000030517578,6737.490234375,4.111999988555908,20.0
2025-11-14,99.2699966430664,6734.10986328125,4.1479997634887695,19.829999923706055
2025-11-17,99.58999633789062,6672.41015625,4.132999897003174,22.3799991607666
2025-11-18,99.55000305175781,6617.31982421875,4.123000144958496,24.690000534057617
2025-11-19,100.2300033569336,6642.16015625,4.132999897003174,23.65999984741211
2025-11-20,100.16000366210938,6538.759765625,4.105999946594238,26.420000076293945
2025-11-21,100.18000030517578,6602.990234375,4.063000202178955,23.43000030517578
2025-11-24,100.13999938964844,6705.1201171875,4.038000106811523,20.520000457763672
2025-11-25,99.66000366210938,6765.8798828125,4.001999855041504,18.559999465942383
2025-11-26,99.5999984741211,6812.60986328125,3.997999906539917,17.190000534057617
2025-11-28,99.45999908447266,6849.08984375,4.017000198364258,16.350000381469727
2025-12-01,99.41000366210938,6812.6298828125,4.0960001945495605,17.239999771118164
2025-12-02,99.36000061035156,6829.3701171875,4.085999965667725,16.59000015258789
2025-12-03,98.8499984741211,6849.72021484375,4.057000160217285,16.079999923706055
2025-12-04,98.98999786376953,6857.1201171875,4.107999801635742,15.779999732971191
2025-12-05,98.98999786376953,6870.39990234375,4.138999938964844,15.40999984741211
2025-12-08,99.08999633789062,6846.509765625,4.171999931335449,16.65999984741211
2025-12-09,99.22000122070312,6840.509765625,4.185999870300293,16.93000030517578
2025-12-10,98.79000091552734,6886.68017578125,4.164000034332275,15.770000457763672
2025-12-11,98.3499984741211,6901.0,4.140999794006348,14.850000381469727
2025-12-12,98.4000015258789,6827.41015625,4.193999767303467,15.739999771118164
2025-12-15,98.1500015258789,6816.509765625,4.182000160217285,16.5
2025-12-16,98.1500015258789,6800.259765625,4.14900016784668,16.479999542236328
2025-12-17,98.37000274658203,6721.43017578125,4.151000022888184,17.6200008392334
2025-12-18,98.43000030517578,6774.759765625,4.116000175476074,16.8700008392334
2025-12-19,98.5999984741211,6834.5,4.151000022888184,14.90999984741211
2025-12-22,98.29000091552734,6878.490234375,4.169000148773193,14.079999923706055
2025-12-23,97.94000244140625,6909.7900390625,4.169000148773193,14.0
2025-12-24,97.9800033569336,6932.0498046875,4.136000156402588,13.470000267028809
2025-12-26,98.0199966430664,6929.93994140625,4.136000156402588,13.600000381469727
2025-12-29,98.04000091552734,6905.740234375,4.116000175476074,14.199999809265137
2025-12-30,98.23999786376953,6896.240234375,4.130000114440918,14.329999923706055
2025-12-31,98.27999877929688,6845.5,4.163000106811523,14.949999809265137
2026-01-02,98.41999816894531,6858.47021484375,4.186999797821045,14.510000228881836
2026-01-05,98.2699966430664,6902.0498046875,4.164999961853027,14.899999618530273
2026-01-06,98.58000183105469,6944.81982421875,4.178999900817871,14.75
2026-01-07,98.68000030517578,6920.93017578125,4.138000011444092,15.380000114440918
2026-01-08,98.93000030517578,6921.4599609375,4.183000087738037,15.449999809265137
2026-01-09,99.12999725341797,6966.27978515625,4.171000003814697,14.489999771118164
2026-01-12,98.86000061035156,6977.27001953125,4.186999797821045,15.119999885559082
2026-01-13,99.12999725341797,6963.740234375,4.171000003814697,15.979999542236328
2026-01-14,99.12999725341797,6926.60009765625,4.139999866485596,16.75
2026-01-15,99.31999969482422,6944.47021484375,4.159999847412109,15.84000015258789
2026-01-16,99.38999938964844,6940.009765625,4.230999946594238,15.859999656677246
2026-01-20,98.63999938964844,6796.85986328125,4.295000076293945,20.09000015258789
2026-01-21,98.76000213623047,6875.6201171875,4.252999782562256,16.899999618530273
2026-01-22,98.36000061035156,6913.35009765625,4.249000072479248,15.640000343322754
2026-01-23,97.5999984741211,6915.60986328125,4.238999843597412,16.09000015258789
2026-01-26,97.04000091552734,6950.22998046875,4.2129998207092285,16.149999618530273
2026-01-27,96.22000122070312,6978.60009765625,4.2230000495910645,16.350000381469727
2026-01-28,96.44999694824219,6978.02978515625,4.250999927520752,16.350000381469727
2026-01-29,96.27999877929688,6969.009765625,4.2270002365112305,16.8799991607666
2026-01-30,96.98999786376953,6939.02978515625,4.241000175476074,17.440000534057617
2026-02-02,97.61000061035156,6976.43994140625,4.275000095367432,16.34000015258789
2026-02-03,97.44000244140625,6917.81005859375,4.27400016784668,18.0
2026-02-04,97.62000274658203,6882.72021484375,4.275000095367432,18.639999389648438
2026-02-05,97.81999969482422,6798.39990234375,4.210000038146973,21.770000457763672
2026-02-06,97.62999725341797,6932.2998046875,4.205999851226807,20.3700008392334
2026-02-09,96.81999969482422,6964.81982421875,4.197999954223633,17.360000610351562
2026-02-10,96.80000305175781,6941.81005859375,4.146999835968018,17.790000915527344
2026-02-11,96.83000183105469,6941.47021484375,4.171999931335449,17.649999618530273
2026-02-12,96.93000030517578,6832.759765625,4.104000091552734,20.81999969482422
2026-02-13,96.87999725341797,6836.169921875,4.056000232696533,20.600000381469727
